Domain,Site Rank,Year online,Name,MBFC Fact,MBFC Bias,MBFC cred,Media Bias/Fact Check,Wiki Fake,Wiki RSP,Wiki DEPS,Wikipedia,Quality,MisinfoMe,Lang,URL,Score
100percentfedup.com,72284,2012.0,100 Percent Fed Up,L,FN,L,https://mediabiasfactcheck.com/100-percent-fed-up/,1.0,,,,0.2,-0.9,en,https://100percentfedup.com/,0.1
10news.one,30000000,2017.0,10News.one,L,FN,L,https://mediabiasfactcheck.com/10news-one/,,,,,0.2,0.0,en,https://www.10news.one/,0.1
12minutos.com,276039,2008.0,12minutos.com,L,FN,L,https://mediabiasfactcheck.com/12minutos-com/,1.0,,,,0.2,-1.0,es,https://www.12minutos.com/,0.1
24jours.com,1162979,2017.0,24jours.com,L,FN,L,https://mediabiasfactcheck.com/24jours-com/,,,,,0.3,0.3,fr,https://www.24jours.com/,0.1
911truth.org,2467443,2003.0,911Truth.org,L,CP,L,https://mediabiasfactcheck.com/911truth-org/,,,,,0.2,0.4,en,https://911truth.org/,0.1
aapsonline.org,2188912,1998.0,Association of American Physicians and Surgeons,L,FN,L,https://mediabiasfactcheck.com/association-of-american-physicians-and-surgeons-aaps/,,,,https://en.wikipedia.org/wiki/Association_of_American_Physicians_and_Surgeons,0.2,-0.6,en,https://aapsonline.org/,0.1
aattp.org,6395547,2011.0,Americans Against the Tea Party,L,FN,L,https://mediabiasfactcheck.com/americans-against-the-tea-party-aattp/,,,,,0.5,-0.4,en,https://aattp.org/,0.1
abovetopsecret.com,77396,1997.0,Above Top Secret,L,CP,L,https://mediabiasfactcheck.com/above-top-secret/,,,,,0.2,0.2,en,https://www.abovetopsecret.com/,0.1
acallforanuprising.com,369828,2015.0,A Call for an Uprising,L,CP,L,https://mediabiasfactcheck.com/a-call-for-an-uprising/,,,,,0.3,-0.6,en,https://www.acallforanuprising.com/,0.1
acpeds.org,1438327,2002.0,American College of Pediatricians,L,FN,L,https://mediabiasfactcheck.com/american-college-of-pediatricians/,,,,https://en.wikipedia.org/wiki/American_College_of_Pediatricians,0.2,0.0,en,https://acpeds.org/,0.1
activistpost.com,314413,2010.0,Activist Post,L,CP,L,https://mediabiasfactcheck.com/activist-post/,,,,,0.1,-0.8,en,https://www.activistpost.com/,0.1
adflegal.org,235081,2011.0,Alliance Defending Freedom,L,FN,L,https://mediabiasfactcheck.com/alliance-defending-freedom/,,,,https://en.wikipedia.org/wiki/Alliance_Defending_Freedom,0.3,0.0,en,https://adflegal.org/,0.1
afa.net,399130,1996.0,American Family Association,L,FN,L,https://mediabiasfactcheck.com/american-family-association/,,,,https://en.wikipedia.org/wiki/American_Family_Association,0.3,-0.7,en,https://afa.net/,0.1
aflegal.org,380165,2021.0,America First Legal,L,FN,L,https://mediabiasfactcheck.com/america-first-legal-afl-bias-and-credibility/,,,,,,0.0,en,https://aflegal.org/,0.1
afn.net,463733,1997.0,American Family News,L,FN,L,https://mediabiasfactcheck.com/onenewsnow/,,,,https://en.wikipedia.org/wiki/American_Family_Association,0.6,,en,https://afn.net/,0.1
allnewspipeline.com,361207,2014.0,All News Pipeline,L,FN,L,https://mediabiasfactcheck.com/all-news-pipeline/,,,,,0.1,-0.8,en,https://allnewspipeline.com/,0.1
alphanews.org,234148,2018.0,Alpha News,L,FN,L,https://mediabiasfactcheck.com/alpha-news/,,,,,0.4,,en,https://alphanews.org/,0.1
alphanewsmn.com,30000000,2015.0,Alpha News,L,FN,L,https://mediabiasfactcheck.com/alpha-news/,,,,,0.2,0.0,en,https://alphanewsmn.com/,0.1
alternativenews.com,30000000,1996.0,AlternativeNews.com,L,CP,L,https://mediabiasfactcheck.com/alternativenews-com/,,,,,0.1,0.2,en,https://alternativenews.com/,0.1
althealthworks.com,3730193,2012.0,AltHealth Works,L,CP,L,https://mediabiasfactcheck.com/althealth-works/,,,,,0.2,0.6,en,https://althealthworks.com/,0.1
altrighttv.com,4219250,2016.0,Alt-Right TV,L,FN,L,https://mediabiasfactcheck.com/alt-right-tv/,,,,,0.2,-0.1,en,https://altrighttv.com/,0.1
americanconservativemovement.com,30000000,2016.0,American Conservative Movement,L,FN,L,https://mediabiasfactcheck.com/american-conservative-movement-acm/,,,,,0.2,-0.6,en,https://americanconservativemovement.com/,0.1
americanfreepress.net,2035491,2001.0,American Free Press,L,CP,L,https://mediabiasfactcheck.com/american-free-press/,,,,https://en.wikipedia.org/wiki/American_Free_Press,0.2,-0.4,en,https://americanfreepress.net/,0.1
americanjournalreview.com,30000000,2015.0,American Journal Review,L,FN,L,https://mediabiasfactcheck.com/american-journal-review/,1.0,,,,0.1,0.0,en,https://americanjournalreview.com/,0.1
americanlibertyemail.com,30000000,2018.0,American Liberty Report,L,FN,L,https://mediabiasfactcheck.com/american-liberty-report/,,,,,0.6,-0.6,en,https://www.americanlibertyemail.com/,0.1
americanlookout.com,5688281,2016.0,American Lookout,L,FN,L,https://mediabiasfactcheck.com/american-lookout/,,,,,0.2,0.2,en,https://americanlookout.com/,0.1
americanpartisan.org,1443596,2018.0,American Partisan,L,FN,L,https://mediabiasfactcheck.com/american-partisan-bias/,,,,,0.6,,en,https://www.americanpartisan.org/,0.1
americanpatriotdaily.com,571075,2015.0,American Patriot Daily,L,FN,L,https://mediabiasfactcheck.com/american-patriot-daily/,,,,,0.2,-0.1,en,https://www.americanpatriotdaily.com/,0.1
americanpeopledaily.com,30000000,2017.0,American People Daily,L,FN,L,https://mediabiasfactcheck.com/american-people-daily/,,,,,0.2,0.0,en,https://americanpeopledaily.com/,0.1
americanpolicy.org,17764146,1997.0,American Policy Center,L,CP,L,https://mediabiasfactcheck.com/american-policy-center/,,,,,0.3,0.2,en,https://americanpolicy.org/,0.1
americanprinciplesproject.org,6191419,2009.0,American Principles Project,L,FN,L,https://mediabiasfactcheck.com/american-principles-project/,,,,https://en.wikipedia.org/wiki/American_Principles_Project,0.2,-0.2,en,https://americanprinciplesproject.org/,0.1
americanthinker.com,33591,2003.0,American Thinker,L,FN,L,https://mediabiasfactcheck.com/american-thinker/,,,,https://en.wikipedia.org/wiki/American_Thinker,0.2,-0.7,en,https://www.americanthinker.com/,0.1
americantruthtoday.com,30000000,2019.0,American Truth Today,L,FN,L,https://mediabiasfactcheck.com/american-truth-today/,,,,,0.2,0.6,en,https://americantruthtoday.com/,0.1
americaoutloud.com,5730832,2015.0,America Out Loud,L,FN,L,https://mediabiasfactcheck.com/america-out-loud/,,,,,0.6,,en,https://www.americaoutloud.com/,0.1
americasfreedomfighters.com,886960,2013.0,Americas Freedom Fighters,L,FN,L,https://mediabiasfactcheck.com/american-freedom-fighters/,1.0,,,,0.2,-0.8,en,https://americasfreedomfighters.com/,0.1
americasfrontlinedoctors.org,158696,2020.0,America's Frontline Doctors,L,CP,L,https://mediabiasfactcheck.com/americas-frontline-doctors/,,,,,0.3,-0.7,en,https://americasfrontlinedoctors.org/,0.1
amren.com,81293,1995.0,American Renaissance Magazine,L,FN,L,https://mediabiasfactcheck.com/american-renaissance-magazine/,,,,https://en.wikipedia.org/wiki/American_Renaissance_(magazine),0.3,-0.1,en,https://www.amren.com/,0.1
amtvmedia.com,30000000,2012.0,Alternative Media Television,L,CP,L,https://mediabiasfactcheck.com/alternative-media-television-amtv/,,,,,0.2,0.2,en,https://www.amtvmedia.com/,0.1
anonymouswire.com,18340528,2022.0,Anonymous Wire,L,FN,L,https://mediabiasfactcheck.com/anonymous-wire-bias/,,,,,,,en,https://anonymouswire.com/,0.1
assassinationscience.com,6574230,1998.0,Assassination Science,L,CP,L,https://mediabiasfactcheck.com/assassination-science/,,,,,0.1,-0.5,en,https://assassinationscience.com/,0.1
australiannationalreview.com,6267509,2014.0,Australian National Review,L,CP,L,https://mediabiasfactcheck.com/australian-national-review/,,,,,0.2,0.0,en,https://australiannationalreview.com/,0.1
australiaoneparty.com,3184311,2019.0,AustraliaOne,L,FN,L,https://mediabiasfactcheck.com/australiaone-bias/,,,,,,,en,https://www.australiaoneparty.com/,0.1
avoiceformen.com,603171,2009.0,A Voice for Men,L,FN,L,https://mediabiasfactcheck.com/a-voice-for-men/,,,,https://en.wikipedia.org/wiki/A_Voice_for_Men,0.2,0.8,en,https://avoiceformen.com/,0.1
awarenessact.com,383428,2012.0,Awareness Act,L,CP,L,https://mediabiasfactcheck.com/awareness-act/,1.0,,,,0.1,-0.9,en,https://awarenessact.com/,0.1
barenakedislam.com,403299,2008.0,Bare Naked Islam,L,FN,L,https://mediabiasfactcheck.com/bare-naked-islam/,1.0,,,,0.2,-0.9,en,https://barenakedislam.com/,0.1
bb4sp.com,30000000,2015.0,BB4SP,L,FN,L,https://mediabiasfactcheck.com/bb4sp/,1.0,,,,0.2,-0.9,en,https://bb4sp.com/,0.1
beckernews.com,196351,2020.0,Becker News,L,FN,L,https://mediabiasfactcheck.com/becker-news/,,,,https://en.wikipedia.org/wiki/Jason_Becker,0.4,-1.0,en,https://beckernews.com/,0.1
beforeitsnews.com,21898,2007.0,Before It's News,L,FN,L,https://mediabiasfactcheck.com/before-its-news/,1.0,,,https://en.wikipedia.org/wiki/List_of_fake_news_websites,0.1,-0.8,en,https://beforeitsnews.com/,0.1
bigleaguepolitics.com,698302,2016.0,Big League Politics,L,FN,L,https://mediabiasfactcheck.com/big-league-politics/,1.0,,,https://en.wikipedia.org/wiki/Big_League_Politics,0.2,-0.9,en,https://bigleaguepolitics.com/,0.1
bipartisanreport.com,420861,2012.0,Bipartisan Report,L,FN,L,https://mediabiasfactcheck.com/bipartisan-report/,1.0,,,,0.2,-0.1,en,https://bipartisanreport.com/,0.1
blackeyepolitics.com,1470326,2018.0,Black Eye Politics,L,FN,L,https://mediabiasfactcheck.com/black-eye-politics-bias-credibility-rating/,,,,,0.2,0.0,en,https://blackeyepolitics.com/,0.1
blackgenocide.org,9062568,2001.0,Black Genocide,L,FN,L,https://mediabiasfactcheck.com/black-genocide/,,,,,0.2,-0.7,en,https://blackgenocide.org/,0.1
blingnews.com,30000000,2016.0,Blingnews.com,L,FN,L,https://mediabiasfactcheck.com/blingnews-com/,1.0,,,,0.3,-0.2,en,https://www.blingnews.com/,0.1
bluntforcetruth.com,7956946,2014.0,Blunt Force Truth,L,FN,L,https://mediabiasfactcheck.com/blunt-force-truth/,,,,,0.2,-0.8,en,https://bluntforcetruth.com/,0.1
bonsens.info,1640446,2014.0,BonSens,L,CP,L,https://mediabiasfactcheck.com/bonsens/,,,,,0.2,-0.6,fr,https://bonsens.info/,0.1
borderlandalternativemedia.com,30000000,2019.0,Borderland Alternative Media,L,FN,L,https://mediabiasfactcheck.com/borderland-alternative-media-bam/,,,,,0.3,-0.6,en,https://borderlandalternativemedia.com/,0.1
breakingchristiannews.com,975216,2004.0,Breaking Christian News,L,FN,L,https://mediabiasfactcheck.com/breaking-christian-news/,,,,,0.3,0.3,en,https://breakingchristiannews.com/,0.1
breakingfirst.com,30000000,2015.0,Breaking First,L,FN,L,https://mediabiasfactcheck.com/breaking-first/,,,,,0.2,0.0,en,https://breakingfirst.com/,0.1
breakingnews247.net,3073849,2016.0,Breakingnews247.net,L,FN,L,https://mediabiasfactcheck.com/breakingnews247-net/,1.0,,,,0.2,-0.8,en,http://www.breakingnews247.net/,0.1
britainfirst.org,571895,2011.0,Britain First,L,FN,L,https://mediabiasfactcheck.com/britain-first/,,,,https://en.wikipedia.org/wiki/Britain_First,0.2,-0.603,en,https://www.britainfirst.org/,0.1
canadafreepress.com,395329,2002.0,Canada Free Press,L,FN,L,https://mediabiasfactcheck.com/canada-free-press/,,,,,0.2,-0.62,en,https://canadafreepress.com/,0.1
carm.org,140149,1997.0,Christian Apologetics & Research Ministry,L,CP,L,https://mediabiasfactcheck.com/christian-apologetics-research-ministry-carm/,,,,https://en.wikipedia.org/wiki/Christian_Apologetics_and_Research_Ministry,0.2,0.46,en,https://carm.org/,0.1
cei.org,902633,1995.0,Competitive Enterprise Institute,L,FN,L,https://mediabiasfactcheck.com/competitive-enterprise-institute/,,,,https://en.wikipedia.org/wiki/Competitive_Enterprise_Institute,0.2,0.28,en,https://cei.org/,0.1
censored.news,340508,2015.0,Censored.news,L,FN,L,https://mediabiasfactcheck.com/censored-news/,,,,,0.2,-0.6,en,https://censored.news/,0.1
centralfloridapost.com,5373061,2016.0,Central Florida Post,L,FN,L,https://mediabiasfactcheck.com/central-florida-post-bias/,1.0,,,,0.5,,en,https://centralfloridapost.com/,0.1
cfact.org,1388330,1997.0,The Committee for a Constructive Tomorrow,L,CP,L,https://mediabiasfactcheck.com/committee-constructive-tomorrow-cfact-org/,,,,https://en.wikipedia.org/wiki/Committee_for_a_Constructive_Tomorrow,0.1,0.2,en,https://www.cfact.org/,0.1
childrenshealthdefense.org,89987,2018.0,Children's Health Defense,L,CP,L,https://mediabiasfactcheck.com/childrens-health-defense/,1.0,,,https://en.wikipedia.org/wiki/Children%27s_Health_Defense,0.2,-0.783,en,https://childrenshealthdefense.org/,0.1
childrenshealthdefense.org/defender,30000000,,The Defender,L,CP,L,https://mediabiasfactcheck.com/the-defender-childrens-health-defense-credibility/,,,,https://en.wikipedia.org/wiki/Children%27s_Health_Defense,,,en,https://childrenshealthdefense.org/defender/,0.1
christianaction.org,4622541,1999.0,Christian Action Network,L,FN,L,https://mediabiasfactcheck.com/christian-action-network/,,,,https://en.wikipedia.org/wiki/Christian_Action_Network,0.2,0.0,en,https://christianaction.org/,0.1
christianscience.com,141567,1998.0,Christian Science,L,CP,L,https://mediabiasfactcheck.com/christian-science/,,,,https://en.wikipedia.org/wiki/Christian_Science,0.2,0.24,en,https://www.christianscience.com/,0.1
clarionproject.org,2314503,2012.0,Clarion Project,L,FN,L,https://mediabiasfactcheck.com/clarion-project/,,,,https://en.wikipedia.org/wiki/Clarion_Project,0.2,0.24,en,https://clarionproject.org/,0.1
clashdaily.com,997112,2012.0,Clash Daily,L,FN,L,https://mediabiasfactcheck.com/clash-daily/,1.0,,,,0.2,-0.847,en,https://clashdaily.com/,0.1
climatechangedispatch.com,1936184,2010.0,Climate Change Dispatch,L,CP,L,https://mediabiasfactcheck.com/climate-change-dispatch/,,,,,0.2,-0.08,en,https://climatechangedispatch.com/,0.1
climatism.blog,30000000,,Climatism,L,CP,L,https://mediabiasfactcheck.com/climatism/,,,,,0.2,0.0,en,https://climatism.blog/,0.1
cloverchronicle.com,18362284,2018.0,Clover Chronicle,L,FN,L,https://mediabiasfactcheck.com/clover-chronicle-bias-credibility-fake-news/,,,,,0.2,0.0,en,https://cloverchronicle.com/,0.1
cnsnews.com,883031,1998.0,CNS News,L,FN,L,https://mediabiasfactcheck.com/cns-news/,1.0,1.0,,https://en.wikipedia.org/wiki/CNSNews.com,0.3,-0.691,en,https://www.cnsnews.com/,0.1
coasttocoastam.com,62206,1999.0,Coast to Coast AM,L,CP,L,https://mediabiasfactcheck.com/coast-to-coast-am/,,,,https://en.wikipedia.org/wiki/Coast_to_Coast_AM,0.2,-0.08,en,https://www.coasttocoastam.com/,0.1
collective-evolution.com,1397936,2009.0,Collective Evolution,L,CP,L,https://mediabiasfactcheck.com/collective-evolution/,1.0,,,,0.2,-0.55,en,https://www.collective-evolution.com/,0.1
concernedwomen.org,4229394,2010.0,Concerned Women for America,L,FN,L,https://mediabiasfactcheck.com/concerned-women-america/,,,,https://en.wikipedia.org/wiki/Concerned_Women_for_America,0.2,-0.38,en,https://concernedwomen.org/,0.1
conservative-headlines.org,2530273,2016.0,Conservative Headlines,L,FN,L,http://mediabiasfactcheck.com/council-of-concerned-citizens/,,,,https://en.wikipedia.org/wiki/Council_of_Conservative_Citizens,0.3,-0.32,en,https://conservative-headlines.org/,0.1
conservativeammo.com,30000000,2016.0,Conservative Ammo,L,FN,L,https://mediabiasfactcheck.com/conservative-ammo/,,,,,0.2,0.0,en,https://conservativeammo.com/,0.1
conservativedailypost.com,6058115,2016.0,Conservative Daily Post,L,FN,L,https://mediabiasfactcheck.com/conservative-daily-post/,1.0,,,,0.1,-0.989,en,https://conservativedailypost.com/,0.1
conservativefreepress.com,627131,2015.0,Conservative Free Press,L,FN,L,https://mediabiasfactcheck.com/conservative-free-press/,,,,,0.2,0.0,en,https://www.conservativefreepress.com/,0.1
conservativeglobe.com,744969,2019.0,For the Right News,L,FN,L,https://mediabiasfactcheck.com/for-the-right-news/,,,,,0.5,,en,https://www.conservativeglobe.com/,0.1
conservativeplaylist.com,3781667,2020.0,Conservative Playlist,L,FN,L,https://mediabiasfactcheck.com/conservative-playlist/,,,,,0.6,-0.587,en,https://conservativeplaylist.com/,0.1
conservativepost.com,17360862,2013.0,Conservative Post,L,FN,L,https://mediabiasfactcheck.com/conservative-post/,1.0,,,,0.2,-0.761,en,https://conservativepost.com/,0.1
conservativerevival.com,30000000,2010.0,Conservative Revival,L,FN,L,https://mediabiasfactcheck.com/conservative-revival-bias/,,,,,0.4,,en,https://conservativerevival.com/,0.1
conspiracyplanet.com,5303532,2000.0,Conspiracy Planet,L,CP,L,https://mediabiasfactcheck.com/conspiracy-planet/,,,,,0.2,-0.59,en,https://www.conspiracyplanet.com/,0.1
corbettreport.com,149819,2007.0,The Corbett Report,L,CP,L,https://mediabiasfactcheck.com/the-corbett-report/,,,,,0.2,-0.919,en,https://www.corbettreport.com/,0.1
corona-transition.org,16717139,2020.0,Corona Transition,L,FN,L,https://mediabiasfactcheck.com/corona-transition/,,,,,0.2,0.383,de,https://corona-transition.org/,0.1
cosmicintelligenceagency.com,6612900,2005.0,Cosmic Intelligence Agency,L,CP,L,https://mediabiasfactcheck.com/cosmic-intelligence-agency/,,,,,0.3,0.0,en,https://cosmicintelligenceagency.com/,0.1
covid19criticalcare.com,179520,2020.0,FLCCC Alliance,L,CP,L,https://mediabiasfactcheck.com/front-line-covid-19-critical-care-alliance-flccc-bias/,,,,https://en.wikipedia.org/wiki/Front_Line_COVID-19_Critical_Care_Alliance,0.3,-0.56,en,https://covid19criticalcare.com/,0.1
creation.com,113483,1995.0,Christian Ministries International,L,CP,L,https://mediabiasfactcheck.com/christian-ministries-international/,,,,,0.1,0.22,en,https://creation.com/,0.1
creationwiki.org,1324754,2005.0,CreationWiki,L,CP,L,https://mediabiasfactcheck.com/creationwiki/,,,,,0.2,0.027,en,https://creationwiki.org/,0.1
crev.info,1377874,2004.0,Creation-Evolution Headlines,L,CP,L,https://mediabiasfactcheck.com/creation-evolution-headlines/,,,,,,,en,https://crev.info/,0.1
csglobe.com,8044806,2013.0,CS Globe,L,CP,L,https://mediabiasfactcheck.com/cs-globe/,,,,,0.2,-0.867,en,https://csglobe.com/,0.1
culturewars.com,757458,1997.0,Culture Wars Magazine,L,CP,L,https://mediabiasfactcheck.com/culture-wars-magazine-bias/,,,,,,,en,https://culturewars.com/,0.1
curiousmindmagazine.com,448398,2015.0,Curious Mind Magazine,L,CP,L,https://mediabiasfactcheck.com/curious-mind-magazine/,,,,,0.2,0.0,en,https://curiousmindmagazine.com/,0.1
dagospia.com,1873,2016.0,Dagospia,L,FN,L,https://mediabiasfactcheck.com/dagospia-bias/,,,,,0.6,0.66,it,https://www.dagospia.com/,0.1
dailycitizen.focusonthefamily.com,30000000,,Daily Citizen,L,FN,L,https://mediabiasfactcheck.com/daily-citizen-focus-on-the-family/,,,,https://en.wikipedia.org/wiki/Focus_on_the_Family,,0.68,en,https://dailycitizen.focusonthefamily.com/,0.1
dailyheadlines.net,3119572,2014.0,Daily Headlines,L,FN,L,https://mediabiasfactcheck.com/daily-headlines/,,,,,0.3,-1.0,en,https://dailyheadlines.net/,0.1
dailyhealthpost.com,1464061,2012.0,DailyHealthPost,L,CP,L,https://mediabiasfactcheck.com/dailyhealthpost/,,,,,0.1,-0.711,en,https://dailyhealthpost.com/,0.1
dailyinsidernews.com,30000000,2015.0,Daily Insider News,L,FN,L,https://mediabiasfactcheck.com/daily-insider-news/,1.0,,,,0.2,-0.6,en,https://dailyinsidernews.com/,0.1
dailymail.co.uk,133,1995.0,Daily Mail,L,FN,L,https://mediabiasfactcheck.com/daily-mail/,,1.0,1.0,https://en.wikipedia.org/wiki/Wikipedia:Reliable_sources/Perennial_sources,0.4,-0.064,en,https://www.dailymail.co.uk/ushome/index.html,0.1
dailyoccupation.com,30000000,2016.0,Daily Occupation,L,CP,L,https://mediabiasfactcheck.com/daily-occupation/,1.0,,,,0.1,-1.0,en,https://dailyoccupation.com/,0.1
dailypoliticalnewswire.com,457198,2016.0,Daily Political Newswire,L,FN,L,https://mediabiasfactcheck.com/daily-political-newswire/,,,,,0.2,0.0,en,https://dailypoliticalnewswire.com/,0.1
dailysurge.com,20862688,2006.0,Daily Surge,L,FN,L,https://mediabiasfactcheck.com/daily-surge/,1.0,,,,0.2,-1.0,en,https://dailysurge.com/,0.1
darkjournalist.com,2759695,2011.0,Dark Journalist,L,CP,L,https://mediabiasfactcheck.com/dark-journalist/,,,,,0.1,0.0,en,https://darkjournalist.com/,0.1
dataasylum.com,30000000,2000.0,Data Asylum,L,CP,L,https://mediabiasfactcheck.com/data-asylum/,,,,,0.2,-1.0,en,https://www.dataasylum.com/,0.1
davidharrisjr.com,9208469,2016.0,David Harris Jr,L,FN,L,https://mediabiasfactcheck.com/davidharrisjr-com/,,,,,0.2,-1.0,en,https://davidharrisjr.com/,0.1
dcclothesline.com,2133885,2013.0,The DC Clothesline,L,FN,L,https://mediabiasfactcheck.com/the-d-c-clothesline/,,,,,0.2,-0.617,en,https://www.dcclothesline.com/,0.1
dcgazette.com,14433360,2014.0,DC Gazette,L,FN,L,https://mediabiasfactcheck.com/dc-gazette/,,,,https://en.wikipedia.org/wiki/List_of_fake_news_websites,0.2,-0.891,en,https://dcgazette.com/,0.1
dcweekly.org,30000000,2021.0,DC Weekly,L,FN,L,https://mediabiasfactcheck.com/dc-weekly-dcweekly-org-bias-and-credibility/,,,,,,,en,https://dcweekly.org/,0.1
debunkingskeptics.com,16185552,2009.0,Debunking Skeptics,L,CP,L,https://mediabiasfactcheck.com/scepcop-debunking-skeptics/,,,,,0.3,-0.608,en,https://www.debunkingskeptics.com/,0.1
deepstatejournal.com,30000000,2018.0,Deep State Journal,L,FN,L,https://mediabiasfactcheck.com/deep-state-journal-bias/,,,,,0.4,0.0,en,https://deepstatejournal.com/,0.1
defconnews.com,1795014,2018.0,Def-Con News,L,FN,L,https://mediabiasfactcheck.com/def-con-news-bias/,,,,,0.6,-0.6,en,https://defconnews.com/,0.1
defiantamerica.com,1265407,2016.0,Defiant America,L,FN,L,https://mediabiasfactcheck.com/defiant-america/,,,,,0.2,0.0,en,https://defiantamerica.com/,0.1
deplorablekel.com,6358321,2017.0,Deplorable Kel,L,FN,L,https://mediabiasfactcheck.com/deplorable-kel/,,,,,0.2,0.0,en,https://deplorablekel.com/,0.1
diamondandsilkinc.com,5367187,2015.0,Diamond and Silk,L,FN,L,https://mediabiasfactcheck.com/diamondandsilkinc-com-bias/,,,,https://en.wikipedia.org/wiki/Diamond_and_Silk,0.5,-0.552,en,https://www.diamondandsilkinc.com/,0.1
digifection.com,919051,2016.0,The Times of America,L,FN,L,https://mediabiasfactcheck.com/the-times-of-america/,,,,,0.2,-0.98,en,https://www.digifection.com/,0.1
discoverthenetworks.org,1615216,2005.0,Discover the Networks,L,FN,L,https://mediabiasfactcheck.com/discover-the-networks/,,,,https://en.wikipedia.org/wiki/Discover_the_Networks,0.2,0.54,en,https://www.discoverthenetworks.org/,0.1
discovery.org,750864,1995.0,Discovery Institute,L,CP,L,https://mediabiasfactcheck.com/discovery-institute/,,,,https://en.wikipedia.org/wiki/Discovery_Institute,0.2,0.12,en,https://www.discovery.org/,0.1
djhjmedia.com,4452859,2019.0,BitChute,L,FN,L,https://mediabiasfactcheck.com/djhj-media/,,,,,0.1,-0.796,en,https://djhjmedia.com/,0.1
donaldjtrump.com,44862,1997.0,Save America,L,FN,L,https://mediabiasfactcheck.com/donaldjtrump-com/,,,,https://en.wikipedia.org/wiki/Donald_Trump,0.4,-0.579,en,https://www.donaldjtrump.com/,0.1
draxe.com,27243,2003.0,Dr. Axe,L,CP,L,https://mediabiasfactcheck.com/dr-axe/,,,,,0.2,0.053,en,https://draxe.com/,0.1
drnorthrup.com,1312733,1998.0,Dr. Northrup,L,CP,L,https://mediabiasfactcheck.com/drnorthrup-com/,,,,https://en.wikipedia.org/wiki/Christiane_Northrup,0.6,0.22,en,https://www.drnorthrup.com/,0.1
earthpulse.com,13040309,1996.0,Earthpulse Press,L,CP,L,https://mediabiasfactcheck.com/earthpulse-press/,,,,,0.1,0.2,en,https://earthpulse.com/,0.1
electroverse.net,6125160,2019.0,Electroverse,L,CP,L,https://mediabiasfactcheck.com/electroverse/,,,,,0.2,0.0,en,https://electroverse.net/,0.1
empireherald.com,30000000,2016.0,Empire Herald,L,FN,L,https://mediabiasfactcheck.com/empire-herald/,1.0,,,https://en.wikipedia.org/wiki/List_of_fake_news_websites,0.2,-1.0,en,https://empireherald.com/,0.1
en.metapedia.org,30000000,,Metapedia,L,FN,L,https://mediabiasfactcheck.com/metapedia/,,,,https://en.wikipedia.org/wiki/Metapedia,0.2,-0.4,en,https://en.metapedia.org/,0.1
endthefed.org,12561973,2015.0,End the Fed,L,FN,L,https://mediabiasfactcheck.com/end-the-fed/,,,,,0.2,0.0,en,https://endthefed.org/,0.1
escapeallthesethings.com,2966708,2004.0,Escape all these Things,L,CP,L,https://mediabiasfactcheck.com/escape-all-these-things/,,,,,0.2,0.4,en,https://escapeallthesethings.com/,0.1
europereloaded.com,1204489,2016.0,Europe Reloaded,L,CP,L,https://mediabiasfactcheck.com/europe-reloaded/,,,,,0.7,,en,https://www.europereloaded.com/,0.1
eutimes.net,1179643,2009.0,The European Union Times,L,CP,L,https://mediabiasfactcheck.com/the-european-union-times/,,,,,0.3,-0.1,en,https://eutimes.net/,0.1
everylegalvote.com,30000000,2020.0,Every Legal Vote,L,FN,L,https://mediabiasfactcheck.com/every-legal-vote/,,,,,0.2,0.0,en,https://everylegalvote.com/,0.1
evil.news,6264961,2015.0,Evil.News,L,FN,L,https://mediabiasfactcheck.com/evil-news/,,,,https://en.wikipedia.org/wiki/Natural_News,0.1,0.0,en,https://evil.news/,0.1
evolutionnews.org,260560,2004.0,Evolution News and Views,L,CP,L,https://mediabiasfactcheck.com/evolution-news-and-views/,,,,,0.2,0.1,en,https://evolutionnews.org/,0.1
ex.24smi.info,30000000,,Агрегатор 24СМИ,L,FN,L,https://mediabiasfactcheck.com/агрегатор-24сми-bias/,,,,,,0.2,ru,https://ex.24smi.info/top/,0.1
exopolitics.org,424458,2003.0,Exopolitics,L,CP,L,https://mediabiasfactcheck.com/exopolitics-bias/,,,,,,0.2,en,https://exopolitics.org/,0.1
fairus.org,549611,1995.0,The Federation for American Immigration Reform,L,FN,L,https://mediabiasfactcheck.com/the-federation-for-american-immigration-reform-fair/,,,,https://en.wikipedia.org/wiki/Federation_for_American_Immigration_Reform,0.2,0.2,en,https://www.fairus.org/,0.1
fellowshipoftheminds.com,7489463,2013.0,Fellowship of the Minds,L,CP,L,https://mediabiasfactcheck.com/fellowship-of-the-minds/,1.0,,,,0.3,-0.9,en,https://fellowshipoftheminds.com/,0.1
focusonthefamily.com,28852,1999.0,Focus on the Family,L,FN,L,https://mediabiasfactcheck.com/focus-on-the-family/,,,,https://en.wikipedia.org/wiki/Focus_on_the_Family,0.3,0.7,en,https://www.focusonthefamily.com/,0.1
foreverconscious.com,198955,2013.0,Forever Conscious,L,CP,L,https://mediabiasfactcheck.com/forever-conscious/,,,,,0.2,0.3,en,https://foreverconscious.com/,0.1
fortherightnews.com,30000000,2017.0,For the Right News,L,FN,L,https://mediabiasfactcheck.com/for-the-right-news/,,,,,0.2,0.0,en,https://www.fortherightnews.com/,0.1
frc.org,372268,1995.0,Family Research Council,L,FN,L,https://mediabiasfactcheck.com/family-research-council/,,,,https://en.wikipedia.org/wiki/Family_Research_Council,0.2,0.2,en,https://frc.org/,0.1
free-speechfront.info,30000000,2019.0,Free-Speech Front,L,FN,L,https://mediabiasfactcheck.com/free-speech-front/,,,,,0.3,-0.6,en,http://www.free-speechfront.info/,0.1
freedomadvocates.org,30000000,2006.0,Freedom Advocates,L,CP,L,https://mediabiasfactcheck.com/freedom-advocates-agenda-21/,,,,,0.1,0.0,en,https://www.freedomadvocates.org/,0.1
freedomainradio.com,993602,2006.0,Freedomain Radio,L,CP,L,https://mediabiasfactcheck.com/freedomain-radio/,,,,https://en.wikipedia.org/wiki/Stefan_Molyneux,0.1,-0.3,en,https://www.freedomainradio.com/,0.1
freedomdaily.com,16038355,2013.0,Freedom Daily,L,FN,L,https://mediabiasfactcheck.com/freedom-daily/,1.0,,,,0.2,-1.0,en,https://www.freedomdaily.com/,0.1
freedomfirstnetwork.com,1467024,2020.0,Freedom First Network,L,FN,L,https://mediabiasfactcheck.com/freedom-first-network/,,,,,0.4,-0.6,en,https://freedomfirstnetwork.com/,0.1
freedomproject.com,2093813,2002.0,FreedomProject Media,L,FN,L,https://mediabiasfactcheck.com/freedomproject-media/,,,,,0.2,0.1,en,https://freedomproject.com/,0.1
friatider.se,29609,2009.0,Fria Tider,L,FN,L,https://mediabiasfactcheck.com/fria-tider-free-times/,,,,,0.2,-0.8,sv,https://www.friatider.se/,0.1
fromthetrenchesworldreport.com,3427355,2010.0,From the Trenches World Report,L,CP,L,https://mediabiasfactcheck.com/from-the-trenches-world-report/,,,,,0.2,-0.5,en,https://fromthetrenchesworldreport.com/,0.1
frontpagemag.com,123233,1998.0,FrontPage Magazine,L,FN,L,https://mediabiasfactcheck.com/frontpage-magazine/,,1.0,1.0,https://en.wikipedia.org/wiki/FrontPage_Magazine,0.2,-0.7,en,https://www.frontpagemag.com/,0.1
gaia.com,17638,1992.0,Gaia,L,CP,L,https://mediabiasfactcheck.com/gaia/,,,,"https://en.wikipedia.org/wiki/Gaia,_Inc.",0.1,0.0,en,https://www.gaia.com/,0.1
gellerreport.com,179772,2016.0,Geller Report,L,FN,L,https://mediabiasfactcheck.com/geller-report/,1.0,,,https://en.wikipedia.org/wiki/Pamela_Geller,0.2,-1.0,en,https://gellerreport.com/,0.1
geoengineeringwatch.org,477619,2009.0,GeoEngineering Watch,L,CP,L,https://mediabiasfactcheck.com/geoengineering-watch/,1.0,,,,0.1,-0.6,en,https://www.geoengineeringwatch.org/,0.1
geopol.institute,30000000,2020.0,Geopolitical Studies Institute,L,FN,L,https://mediabiasfactcheck.com/national-policy-institute/,,,,,0.2,0.0,en,https://geopol.institute/,0.1
getholistichealth.com,20689087,2003.0,Get Holistic Health,L,CP,L,https://mediabiasfactcheck.com/get-holistic-health/,,,,,0.2,-0.9,en,https://www.getholistichealth.com/,0.1
gettr.com,35449,2008.0,GETTR,L,FN,L,https://mediabiasfactcheck.com/gettr/,,,,https://en.wikipedia.org/wiki/Gettr,0.4,-0.6,en,https://gettr.com/,0.1
girlsjustwannahaveguns.com,30000000,2010.0,Girls Just Wanna Have Guns,L,FN,L,https://mediabiasfactcheck.com/girls-just-wanna-have-guns/,,,,,0.2,-0.6,en,https://girlsjustwannahaveguns.com/,0.1
globalinfotoday.com,30000000,2016.0,Global Info Today,L,FN,L,https://mediabiasfactcheck.com/global-info-today/,,,,,0.6,0.0,en,https://globalinfotoday.com/,0.1
globalpoliticsnow.com,30000000,2018.0,Global Politics Now,L,FN,L,https://mediabiasfactcheck.com/global-politics-now/,1.0,,,,0.2,-0.7,en,https://globalpoliticsnow.com/,0.1
globalresearch.ca,76818,2001.0,Global Research,L,CP,L,https://mediabiasfactcheck.com/global-research/,,1.0,,https://en.wikipedia.org/wiki/Michel_Chossudovsky#Centre_for_Research_on_Globalization,0.2,-0.8,en,https://www.globalresearch.ca/,0.1
globalskywatch.com,3651810,2009.0,Global Skywatch,L,CP,L,https://mediabiasfactcheck.com/global-skywatch/,,,,,0.2,0.0,en,https://globalskywatch.com/,0.1
gnews.org,208659,2012.0,G News,L,FN,L,https://mediabiasfactcheck.com/gnews/,1.0,,,https://en.wikipedia.org/wiki/Guo_Wengui#G_News,0.2,-0.6,en,https://gnews.org/,0.1
godandscience.org,3388852,1999.0,Evidence for God from Science,L,CP,L,https://mediabiasfactcheck.com/evidence-for-god-from-science/,,,,,0.2,0.7,en,https://godandscience.org/,0.1
godlikeproductions.com,20721,2000.0,Godlike Productions,L,CP,L,https://mediabiasfactcheck.com/godlike-productions/,,,,,0.2,-0.7,en,https://www.godlikeproductions.com/,0.1
goop.com,38289,1996.0,Goop,L,CP,L,https://mediabiasfactcheck.com/goop/,1.0,,,https://en.wikipedia.org/wiki/Goop_(company),0.2,0.6,en,https://goop.com/,0.1
gotquestions.org,3228,2002.0,Got Questions,L,CP,L,https://mediabiasfactcheck.com/got-questions-gotquestions-org/,,,,,0.2,0.8,en,https://www.gotquestions.org/,0.1
govtslaves.com,20790216,2008.0,Government Slaves,L,CP,L,https://mediabiasfactcheck.com/government-slaves/,,,,,0.1,0.0,en,https://govtslaves.com/,0.1
greatamericandaily.com,1089380,2016.0,Great American Daily,L,FN,L,https://mediabiasfactcheck.com/great-american-daily/,,,,,0.2,0.0,en,https://greatamericandaily.com/,0.1
greatamericanrepublic.com,30000000,2016.0,Great American Republic,L,FN,L,https://mediabiasfactcheck.com/allen-west-republic/,,,,,0.2,0.0,en,https://greatamericanrepublic.com/,0.1
greenmedinfo.com,394286,2009.0,GreenMedInfo,L,CP,L,https://mediabiasfactcheck.com/greenmedinfo/,1.0,,,,0.4,-0.6,en,https://www.greenmedinfo.com/,0.1
gulagbound.com,20587440,2010.0,Gulag Bound,L,CP,L,https://mediabiasfactcheck.com/gulag-bound/,,,,,0.2,-0.3,en,https://gulagbound.com/,0.1
haarp.net,30000000,1999.0,HAARP,L,CP,L,https://mediabiasfactcheck.com/haarp-net/,,,,,0.1,-0.6,en,https://haarp.net/,0.1
hagmannreport.com,7342518,2015.0,Hagmann Report,L,FN,L,https://mediabiasfactcheck.com/the-hagmann-report/,,,,,0.4,0.2,en,https://www.hagmannreport.com/,0.1
hangthebankers.com,15884125,2012.0,Hang The Bankers,L,FN,L,https://mediabiasfactcheck.com/hang-the-bankers/,,,,,0.2,-0.8,en,https://hangthebankers.com/,0.1
hannity.com,100621,1998.0,Sean Hannity,L,FN,L,https://mediabiasfactcheck.com/hannity-com/,,,,https://en.wikipedia.org/wiki/Sean_Hannity,0.3,-0.1,en,https://hannity.com/,0.1
health-helpline.co.nz,30000000,,Health Helpline,L,CP,L,https://mediabiasfactcheck.com/health-helpline-bias-and-credibility/,,,,,,,en,https://health-helpline.co.nz/,0.1
healthy-holistic-living.com,386237,2006.0,Healthy Holistic Living,L,CP,L,https://mediabiasfactcheck.com/healthy-holistic-living/,1.0,,,,0.2,-0.9,en,https://www.healthy-holistic-living.com/,0.1
healthyfoodhouse.com,1971487,2012.0,Healthy Food House,L,CP,L,https://mediabiasfactcheck.com/healthy-food-house/,1.0,,,,0.2,-0.3,en,https://www.healthyfoodhouse.com/,0.1
heartland.org,1329877,1994.0,Heartland Institute,L,FN,L,https://mediabiasfactcheck.com/heartland-institute/,,,,https://en.wikipedia.org/wiki/Heartland_Institute,0.2,-0.3,en,https://heartland.org/,0.1
hereistheevidence.com,3010473,2020.0,Here Is the Evidence,L,FN,L,https://mediabiasfactcheck.com/here-is-the-evidence/,,,,,0.2,0.0,en,https://hereistheevidence.com/,0.1
hli.org,903804,1995.0,Human Life International,L,FN,L,https://mediabiasfactcheck.com/human-life-international-bias/,,,,https://en.wikipedia.org/wiki/Human_Life_International,,0.2,en,https://www.hli.org/,0.1
hoggwatch.com,30000000,2018.0,Hogg Watch,L,FN,L,https://mediabiasfactcheck.com/hogg-watch/,1.0,,,https://en.wikipedia.org/wiki/Natural_News,0.2,0.0,en,https://hoggwatch.com/,0.1
hsionline.com,1072580,2009.0,Health Sciences Institute,L,CP,L,https://mediabiasfactcheck.com/health-sciences-institute/,,,,,0.2,0.0,en,https://hsionline.com/,0.1
humansarefree.com,15117591,2010.0,Humans are Free,L,CP,L,https://mediabiasfactcheck.com/humans-are-free/,,,,,0.1,-0.573,en,https://humansarefree.com/,0.1
icandecide.org,962340,2016.0,Informed Consent Action Network,L,CP,L,https://mediabiasfactcheck.com/ican-informed-consent-action-network-bias/,,,,https://en.wikipedia.org/wiki/Informed_Consent_Action_Network,0.3,,en,https://www.icandecide.org/,0.1
iceagenow.info,5125422,2011.0,Ice Age Now,L,CP,L,https://mediabiasfactcheck.com/ice-age-now/,,,,,0.1,0.24,en,https://www.iceagenow.info/,0.1
idahofreedom.org,1925346,,Idaho Freedom Foundation,L,FN,L,https://mediabiasfactcheck.com/idaho-freedom-foundation-bias/,,,,https://en.wikipedia.org/wiki/Idaho_Freedom_Foundation,,,en,https://idahofreedom.org/,0.1
idahotribune.org,10143653,2021.0,Idaho Tribune,L,FN,L,https://mediabiasfactcheck.com/idaho-tribune-bias/,,,,https://en.wikipedia.org/wiki/Idaho_Freedom_Foundation,,,en,https://www.idahotribune.org/,0.1
ifapray.org,325449,2002.0,Intercessors for America,L,FN,L,https://mediabiasfactcheck.com/intercessors-for-america-ifa-bias/,,,,,,-0.18,en,https://ifapray.org/,0.1
ihatethemedia.com,7845022,2006.0,I Hate the Media,L,FN,L,https://mediabiasfactcheck.com/i-hate-the-media/,,,,,0.2,0.5,en,https://www.ihatethemedia.com/,0.1
ihealthtube.com,9310496,2007.0,iHealthtube.com,L,CP,L,https://mediabiasfactcheck.com/ihealthtube/,,,,,0.2,0.44,en,https://ihealthtube.com/,0.1
illicitinfo.com,10849311,2018.0,Illicit Info,L,FN,L,https://mediabiasfactcheck.com/illicit-info/,,,,,0.2,0.0,en,https://illicitinfo.com/,0.1
illuminati-news.com,3108547,2000.0,Illuminati News,L,CP,L,https://mediabiasfactcheck.com/illuminati-news/,,,,,0.4,-0.865,en,http://illuminati-news.com/,0.1
illuminatiwatcher.com,1676892,2012.0,Illuminati Watcher,L,CP,L,https://mediabiasfactcheck.com/illuminati-watcher/,,,,,0.2,-0.889,en,https://illuminatiwatcher.com/,0.1
independentminute.com,1736864,2017.0,Independent Minute,L,FN,L,https://mediabiasfactcheck.com/independent-minute-bias/,1.0,,,,0.2,,en,https://independentminute.com/,0.1
infogalactic.com,183380,2016.0,InfoGalactic,L,FN,L,https://mediabiasfactcheck.com/infogalactic/,,,,https://en.wikipedia.org/wiki/Vox_Day,0.2,0.0,en,https://infogalactic.com/info/Main_Page,0.1
informationliberation.com,354966,2004.0,Information Liberation,L,FN,L,https://mediabiasfactcheck.com/information-liberation/,,,,,0.3,-0.851,en,https://www.informationliberation.com/,0.1
inforos.ru,7484694,2000.0,InfoRos.ru,L,FN,L,https://mediabiasfactcheck.com/inforos/,,,,,0.2,0.2,ru,https://inforos.ru/,0.1
intellihub.com,30000000,2001.0,Intellihub,L,CP,L,https://mediabiasfactcheck.com/intellihub/,,,,,0.3,-0.656,en,https://www.intellihub.com/,0.1
iowaclimate.org,30000000,2016.0,Iowa Climate Science Education,L,CP,L,https://mediabiasfactcheck.com/iowa-climate-science-education/,,,,,0.2,0.0,en,https://iowaclimate.org/,0.1
isgp-studies.com,1483489,,Institute for the Study of Globalization and Covert Politics,L,FN,L,https://mediabiasfactcheck.com/institute-for-the-study-of-globalization-and-covert-politics-isgp-bias-and-credibility/,,,,https://en.wikipedia.org/wiki/Covert_racism,,,en,https://isgp-studies.com/,0.1
israelislamandendtimes.com,30000000,2013.0,"Israel, Islam and End Times",L,CP,L,https://mediabiasfactcheck.com/israel-islam-end-times/,,,,,0.2,0.0,en,https://www.israelislamandendtimes.com/,0.1
jbs.org,1733000,1996.0,John Birch Society,L,FN,L,https://mediabiasfactcheck.com/john-birch-society-bias/,,,,https://en.wikipedia.org/wiki/John_Birch_Society,0.3,0.16,en,https://jbs.org/,0.1
jedanews.com,331934,2019.0,Jeda News,L,CP,L,https://mediabiasfactcheck.com/jeda-news/,,,,,0.2,,it,https://www.jedanews.com/,0.1
jesusdaily.com,6637596,2001.0,Jesus Daily,L,CP,L,https://mediabiasfactcheck.com/jesus-daily/,,,,,0.2,0.6,en,https://www.jesusdaily.com/,0.1
joeforamerica.com,30000000,2012.0,Joe for America,L,FN,L,https://mediabiasfactcheck.com/joe-for-america/,,,,https://en.wikipedia.org/wiki/Joe_the_Plumber,0.2,-0.516,en,https://joeforamerica.com/,0.1
journal-neo.org,3258540,2013.0,New Eastern Outlook,L,FN,L,https://mediabiasfactcheck.com/neo-new-eastern-outlook/,,1.0,1.0,https://en.wikipedia.org/wiki/New_Eastern_Outlook,0.7,-0.249,en,https://journal-neo.org/,0.1
judicialwatch.org,86372,1997.0,Judicial Watch,L,FN,L,https://mediabiasfactcheck.com/judicial-watch/,1.0,,,https://en.wikipedia.org/wiki/Judicial_Watch,0.2,0.233,en,https://www.judicialwatch.org/,0.1
junkscience.com,2730955,1996.0,JunkScience.com,L,CP,L,https://mediabiasfactcheck.com/junkscience-com/,,,,,0.2,0.34,en,https://junkscience.com/,0.1
jw.org,140,1999.0,Jehovah's Witnesses,L,CP,L,https://mediabiasfactcheck.com/jehovahs-witnesses-jw-org/,,,,https://en.wikipedia.org/wiki/Jehovah%27s_Witnesses,0.3,0.76,en,https://jw.org/,0.1
katehon.com,608644,2014.0,Katehon,L,FN,L,https://mediabiasfactcheck.com/katehon-bias/,,,,,0.4,-0.272,ru,https://katehon.com/,0.1
kiwifarms.net,21592,2016.0,Kiwi Farms,L,FN,L,https://mediabiasfactcheck.com/fake-news/,,,,https://en.wikipedia.org/wiki/Kiwi_Farms,,0.26,en,https://kiwifarms.net/,0.1
knowledgeoftoday.org,20969678,2011.0,Knowledge of Today,L,CP,L,https://mediabiasfactcheck.com/knowledge-of-today/,,,,,0.2,-0.468,en,https://www.knowledgeoftoday.org/,0.1
kunstler.com,263202,1997.0,Kunstler.com,L,,L,https://mediabiasfactcheck.com/kunstler-com-bias/,,,,https://en.wikipedia.org/wiki/James_Howard_Kunstler,,0.72,en,https://kunstler.com/,0.2
larouchepac.com,3772643,2004.0,LaRouche PAC,L,CP,L,https://mediabiasfactcheck.com/larouche-pac/,,,,https://en.wikipedia.org/wiki/Worldwide_LaRouche_Youth_Movement#LaRouche_PAC,0.2,0.42,en,https://larouchepac.com/,0.1
lc.org,1047540,1996.0,Liberty Counsel,L,FN,L,https://mediabiasfactcheck.com/liberty-counsel-bias/,,,,https://en.wikipedia.org/wiki/Liberty_Counsel,,0.18,en,https://lc.org/,0.1
leftaction.com,11242268,2010.0,Left Action,L,FN,L,https://mediabiasfactcheck.com/left-action/,,,,,0.2,0.48,en,https://leftaction.com/,0.1
leftexposed.org,30000000,2014.0,Left Exposed,L,FN,L,https://mediabiasfactcheck.com/left-exposed/,,,,,0.2,0.0,en,https://leftexposed.org/,0.1
lewrockwell.com,64277,1999.0,Lew Rockwell,L,FN,L,https://mediabiasfactcheck.com/lew-rockwell/,1.0,,,https://en.wikipedia.org/wiki/Lew_Rockwell,0.3,0.103,en,https://www.lewrockwell.com/,0.1
libertybell.com,30000000,2003.0,Liberty Bell,L,FN,L,https://mediabiasfactcheck.com/liberty-bell/,,,,,0.2,-0.28,en,https://www.libertybell.com/,0.1
libertyhangout.org,2954022,2015.0,Liberty Hangout,L,FN,L,https://mediabiasfactcheck.com/liberty-hangout/,,,,https://en.wikipedia.org/wiki/Kaitlin_Bennett,0.3,0.0,en,https://libertyhangout.org/,0.1
libertynews.com,14212617,,Liberty News,L,FN,L,https://mediabiasfactcheck.com/liberty-news/,,,,,0.3,-0.052,en,https://libertynews.com/,0.1
libertyvideos.org,30000000,2006.0,Liberty Videos,L,CP,L,https://mediabiasfactcheck.com/liberty-videos/,,,,,0.2,-0.667,en,https://libertyvideos.org/,0.1
lifenews.com,246336,2001.0,Life News,L,FN,L,https://mediabiasfactcheck.com/life-news/,,,,,0.2,-0.727,en,https://www.lifenews.com/,0.1
lifesitenews.com,30537,2002.0,Life Site News,L,FN,L,https://mediabiasfactcheck.com/life-site-news/,1.0,1.0,1.0,,0.3,-0.162,en,https://www.lifesitenews.com/,0.1
lifespa.com,441770,1997.0,LifeSpa,L,CP,L,https://mediabiasfactcheck.com/lifespa/,,,,,0.2,0.0,en,https://lifespa.com/,0.1
londonreal.tv,198625,2011.0,London Real,L,CP,L,https://mediabiasfactcheck.com/london-real-bias/,,,,https://en.wikipedia.org/wiki/Brian_Rose_(podcaster),,,en,https://londonreal.tv/,0.1
londonwebnews.com,30000000,2017.0,London Web News,L,FN,L,https://mediabiasfactcheck.com/london-web-news/,1.0,,,,0.2,0.0,en,https://londonwebnews.com/,0.1
loonwatch.com,4826849,2009.0,LoonWatch,L,FN,L,https://mediabiasfactcheck.com/loonwatch/,,,,,0.5,0.0,en,https://www.loonwatch.com/,0.1
macroevolution.net,1041513,,Macroevolution.net,L,CP,L,https://mediabiasfactcheck.com/macroevolution-net-bias-and-credibility/,,,,,,0.82,en,https://macroevolution.net/,0.1
madworldnews.com,3051534,2013.0,Mad World News,L,FN,L,https://mediabiasfactcheck.com/mad-world-news/,1.0,,,,0.2,-0.69,en,https://madworldnews.com/,0.1
magapac.com,3945741,2019.0,Make America Great Again,L,FN,L,https://mediabiasfactcheck.com/make-america-great-again-inc-maga-inc-bias/,,,,,,,en,https://www.magapac.com/,0.1
mainstreamfakemedia.com,5506651,2017.0,Mainstream Fake Media,L,FN,L,https://mediabiasfactcheck.com/mainstream-fake-media-bias/,,,,,0.4,-0.6,en,https://mainstreamfakemedia.com/,0.1
medicalmedium.com,117266,2012.0,Medical Medium,L,CP,L,https://mediabiasfactcheck.com/medical-medium/,,,,https://en.wikipedia.org/wiki/Anthony_William,0.2,0.24,en,https://www.medicalmedium.com/,0.1
medicine.news,4813103,2015.0,Medicine News,L,CP,L,https://mediabiasfactcheck.com/medicine-news/,,,,https://en.wikipedia.org/wiki/Natural_News,0.3,0.0,en,https://medicine.news/,0.1
meforum.org,263509,2000.0,Middle East Forum,L,FN,L,https://mediabiasfactcheck.com/middle-east-forum/,,,,https://en.wikipedia.org/wiki/Middle_East_Forum,0.2,0.64,en,https://www.meforum.org/,0.1
mercola.com,25179,1997.0,Mercola,L,CP,L,https://mediabiasfactcheck.com/mercola/,1.0,,,https://en.wikipedia.org/wiki/Joseph_Mercola,0.2,0.0,en,https://www.mercola.com/,0.1
merica1st.com,30000000,2017.0,National Conservative,L,FN,L,http://mediabiasfactcheck.com/council-of-concerned-citizens/,,,,,0.3,-0.6,en,https://merica1st.com/,0.1
mgtow.tv,243535,,Men Going Their Own Way,L,FN,L,https://mediabiasfactcheck.com/men-going-their-own-way-mgtow-tv-bias/,,,,https://en.wikipedia.org/wiki/Men_Going_Their_Own_Way,,,en,https://www.mgtow.tv/,0.1
micdroppolitics.com,931356,2020.0,Mic Drop Politics,L,FN,L,https://mediabiasfactcheck.com/mic-drop-politics-bias/,,,,,0.4,,en,https://www.micdroppolitics.com/,0.1
michaelsalla.com,30000000,2017.0,MichaelSalla.com,L,CP,L,https://mediabiasfactcheck.com/michaelsalla-com-bias/,,,,,,,en,https://michaelsalla.com/,0.1
mindmatters.ai,449005,,Mind Matters,L,CP,L,https://mediabiasfactcheck.com/mind-matters-bias/,,,,,,,en,https://mindmatters.ai/,0.1
mintpressnews.com,300353,,Mint Press News,L,FN,L,https://mediabiasfactcheck.com/mint-press-news/,,1.0,1.0,https://en.wikipedia.org/wiki/MintPress_News,0.5,0.47,en,https://mintpressnews.com/,0.1
mixi.media,157639,2018.0,Mixi.Media,L,FN,L,https://mediabiasfactcheck.com/mixi-media/,,,,,0.3,0.0,en,https://mixi.media/,0.1
moonbattery.com,884299,2004.0,MoonBattery,L,FN,L,https://mediabiasfactcheck.com/moonbattery/,,,,,0.2,0.64,en,https://moonbattery.com/,0.1
moonofalabama.org,49559,2004.0,Moon of Alabama,L,FN,L,https://mediabiasfactcheck.com/moon-of-alabama/,,,,,0.4,-0.047,en,https://moonofalabama.org/,0.1
morningpoll.com,30000000,2019.0,Morning Poll,L,FN,L,https://mediabiasfactcheck.com/morning-poll-bias/,,,,,0.3,,en,https://morningpoll.com/,0.1
mrctv.org/cnsnews,30000000,,CNS News,L,FN,L,https://mediabiasfactcheck.com/cns-news/,,,,https://en.wikipedia.org/wiki/Media_Research_Center,,,en,https://www.mrctv.org/cnsnews/,0.1
mtonews.com,217342,2014.0,MTO News,L,FN,L,https://mediabiasfactcheck.com/mto-news-bias/,,,,,0.7,0.6,en,https://mtonews.com/,0.1
muslimskeptic.com,120035,2016.0,Muslim Skeptic,L,FN,L,https://mediabiasfactcheck.com/muslim-skeptic-bias/,,,,https://en.wikipedia.org/wiki/Daniel_Haqiqatjou,,,en,https://muslimskeptic.com/,0.1
mynewsguru.com,30000000,2017.0,The News Guru,L,FN,L,https://mediabiasfactcheck.com/the-news-guru/,,,,,0.2,-0.6,en,https://mynewsguru.com/,0.1
myrightamerica.com,30000000,2016.0,My Right American,L,FN,L,https://mediabiasfactcheck.com/my-right-american/,,,,,0.2,0.0,en,https://myrightamerica.com/,0.1
nationaleconomicseditorial.com,30000000,2016.0,National Economics Editorial,L,FN,L,https://mediabiasfactcheck.com/national-economics-editorial/,,,,,0.2,0.2,en,https://nationaleconomicseditorial.com/,0.1
nationalenquirer.com,367758,1996.0,National Enquirer,L,FN,L,https://mediabiasfactcheck.com/national-enquirer/,,1.0,1.0,https://en.wikipedia.org/wiki/National_Enquirer,0.4,-0.675,en,https://www.nationalenquirer.com/,0.1
nationalfile.com,585169,2019.0,National File,L,CP,L,https://mediabiasfactcheck.com/national-file/,1.0,1.0,,,0.1,-0.68,en,https://nationalfile.com/,0.1
nationalinsiders.com,975569,2012.0,National Insiders,L,FN,L,https://mediabiasfactcheck.com/national-insiders-bias/,,,,,0.4,-0.6,en,https://nationalinsiders.com/,0.1
nationalrighttolifenews.org,4085755,2010.0,NRL News Today,L,FN,L,https://mediabiasfactcheck.com/nrl-news-today/,,,,,0.1,0.54,en,https://www.nationalrighttolifenews.org/,0.1
nationandstate.com,10191828,2018.0,Nation and State,L,FN,L,https://mediabiasfactcheck.com/nation-and-state-bias/,,,,,0.4,0.0,en,https://www.nationandstate.com/,0.1
naturalhealth365.com,482255,2010.0,Natural Health 365,L,CP,L,https://mediabiasfactcheck.com/natural-health-365/,,,,,0.1,-0.006,en,https://www.naturalhealth365.com/,0.1
navarroreport.com,30000000,2020.0,The Navarro Report,L,FN,L,https://mediabiasfactcheck.com/navarro-report/,,,,https://en.wikipedia.org/wiki/Peter_Navarro,0.2,0.0,en,https://navarroreport.com/,0.1
needtoknow.news,950848,2015.0,Need to Know,L,CP,L,https://mediabiasfactcheck.com/need-to-know/,,,,,0.2,0.0,en,https://needtoknow.news/,0.1
neonnettle.com,2294780,2013.0,Neon Nettle,L,CP,L,https://mediabiasfactcheck.com/neon-nettle/,1.0,,,https://en.wikipedia.org/wiki/List_of_fake_news_websites,0.2,-0.938,en,https://neonnettle.com/,0.1
newamericannews.com,30000000,2016.0,New American News,L,CP,L,https://mediabiasfactcheck.com/new-american-news/,,,,,0.2,0.0,en,https://newamericannews.com/,0.1
newdiscourses.com,30000000,2019.0,New Discourses,L,FN,L,https://mediabiasfactcheck.com/new-discourses-bias-and-credibility/,,,,https://en.wikipedia.org/wiki/James_A._Lindsay,,,en,https://newdiscourses.com/,0.1
newsaddicts.com,394858,2023.0,News Addicts,L,FN,L,https://mediabiasfactcheck.com/news-addicts-bias/,,,,,,,en,https://newsaddicts.com/,0.1
newsexaminer.net,7219248,2014.0,NewsExaminer.net,L,FN,L,https://mediabiasfactcheck.com/newsexaminer-net/,1.0,,,https://en.wikipedia.org/wiki/List_of_fake_news_websites,0.2,-0.769,en,https://newsexaminer.net/,0.1
newsfeedhunter.com,30000000,2018.0,News Feed Hunter,L,FN,L,https://mediabiasfactcheck.com/news-feed-hunter/,1.0,,,,0.2,-0.952,en,https://newsfeedhunter.com/,0.1
newsglobal.com,954393,2009.0,News Global,L,FN,L,https://mediabiasfactcheck.com/news-global-bias/,,,,,0.3,0.0,en,https://newsglobal.com/,0.1
newsheist.com,30000000,2014.0,News Heist,L,FN,L,https://mediabiasfactcheck.com/news-heist/,,,,,0.2,0.0,en,https://newsheist.com/,0.1
newshourfirst.com,1016955,2020.0,News Hour First,L,FN,L,https://mediabiasfactcheck.com/news-hour-first/,,,,,0.2,-0.6,en,https://newshourfirst.com/,0.1
newsinsideout.com,7702261,2014.0,News Inside Out,L,CP,L,https://mediabiasfactcheck.com/newsinsideout-com/,,,,,0.1,0.0,en,https://newsinsideout.com/,0.1
newsmax.com,2366,,Newsmax,L,FN,L,https://mediabiasfactcheck.com/newsmax/,1.0,1.0,1.0,https://en.wikipedia.org/wiki/Newsmax,0.3,0.035,en,https://newsmax.com/,0.1
newspushed.com,30000000,2020.0,News Pushed,L,FN,L,https://mediabiasfactcheck.com/news-pushed/,,,,,0.2,0.0,en,https://newspushed.com/,0.1
newstarget.com,517178,1996.0,News Target,L,CP,L,https://mediabiasfactcheck.com/news-target/,1.0,1.0,,https://en.wikipedia.org/wiki/Natural_News,0.1,-0.848,en,https://newstarget.com/,0.1
newswars.com,765595,2009.0,NewsWars,L,FN,L,https://mediabiasfactcheck.com/newswars/,,1.0,1.0,,0.2,-1.0,en,https://www.newswars.com/,0.1
newswithviews.com,451277,2001.0,News with Views,L,FN,L,https://mediabiasfactcheck.com/news-with-views/,,,,,0.2,-0.077,en,https://newswithviews.com/,0.1
newzoh.com,30000000,2023.0,Newzoh,L,FN,L,https://mediabiasfactcheck.com/newzoh-bias-and-credibility/,,,,,,,en,https://newzoh.com/,0.1
nextnewsnetwork.com,465836,2012.0,Next News Network,L,FN,L,https://mediabiasfactcheck.com/next-news-network/,1.0,,,,0.7,0.0,en,https://nextnewsnetwork.com/,0.1
ninefornews.nl,39459,,Nine for News,L,FN,L,https://mediabiasfactcheck.com/nine-for-news-bias-and-credibility/,,,,,,,en,https://www.ninefornews.nl/,0.1
nmws.us,30000000,2019.0,NMWS.us,L,FN,L,https://mediabiasfactcheck.com/nmws-us/,,,,,0.5,-0.6,en,https://nmws.us/,0.1
noqreport.com,5899628,2017.0,NOQ Report,L,FN,L,https://mediabiasfactcheck.com/noq-report/,,,,,0.1,-0.583,en,https://noqreport.com/,0.1
notallowedto.com,1383075,2014.0,Not Allowed to,L,FN,L,https://mediabiasfactcheck.com/not-allowed-to/,1.0,,,,0.2,-0.9,en,https://notallowedto.com/,0.1
notrickszone.com,1111766,2010.0,NoTricksZone,L,CP,L,https://mediabiasfactcheck.com/notrickszone/,1.0,,,,0.2,-0.8,en,https://notrickszone.com/,0.1
nowtheendbegins.com,272158,2015.0,Now The End Begins,L,CP,L,https://mediabiasfactcheck.com/now-the-end-begins/,,,,,0.1,-0.7,en,https://www.nowtheendbegins.com/,0.1
nrlc.org,1594911,1995.0,National Right to Life Committee,L,FN,L,https://mediabiasfactcheck.com/national-right-to-life-committee-nrlc/,,,,https://en.wikipedia.org/wiki/National_Right_to_Life_Committee,0.2,0.7,en,https://www.nrlc.org/,0.1
nvic.org,2253845,2003.0,National Vaccine Information Institute,L,CP,L,https://mediabiasfactcheck.com/national-vaccine-information-center-nvic/,,,,https://en.wikipedia.org/wiki/National_Vaccine_Information_Center,0.1,-0.3,en,https://www.nvic.org/,0.1
nzdsos.com,2600704,2021.0,New Zealand Doctors Speaking Out with Science,L,CP,L,https://mediabiasfactcheck.com/new-zealand-doctors-speaking-out-with-science-nzdsos-bias-and-credibility/,,,,,,,en,https://nzdsos.com/,0.1
oann.com,32786,2004.0,One America News Network,L,FN,L,https://mediabiasfactcheck.com/one-america-news-network/,1.0,1.0,1.0,https://en.wikipedia.org/wiki/One_America_News_Network,0.4,-0.4,en,https://www.oann.com/,0.1
oathkeepers.org,8084109,2009.0,Oath Keepers,L,FN,L,https://mediabiasfactcheck.com/oath-keepers/,,,,https://en.wikipedia.org/wiki/Oath_Keepers,0.2,-0.449,en,https://oathkeepers.org/,0.1
occupydemocrats.com,171829,2012.0,Occupy Democrats,L,FN,L,https://mediabiasfactcheck.com/occupy-democrats/,1.0,1.0,1.0,https://en.wikipedia.org/wiki/Occupy_Democrats,0.2,-0.183,en,https://occupydemocrats.com/,0.1
organicconsumers.org,779389,1998.0,Organic Consumers Association,L,CP,L,https://mediabiasfactcheck.com/organic-consumers-association/,,,,https://en.wikipedia.org/wiki/Organic_Consumers_Association,0.2,-0.119,en,https://www.organicconsumers.org/,0.1
orinocotribune.com,1053031,2018.0,Orinoco Tribune,L,FN,L,https://mediabiasfactcheck.com/orinoco-tribune-bias-and-credibility/,,,,,,,en,https://orinocotribune.com/,0.1
other98.com,2925152,2010.0,The Other 98%,L,FN,L,https://mediabiasfactcheck.com/the-other-98/,,,,,0.3,-0.057,en,https://other98.com/,0.1
ourhealthguides.com,30000000,2018.0,Our Health Guides,L,CP,L,https://mediabiasfactcheck.com/our-health-guides/,,,,,0.1,-0.6,en,https://ourhealthguides.com/,0.1
outragedpatriot.com,5529212,2019.0,Outraged Patriot,L,FN,L,https://mediabiasfactcheck.com/outraged-patriot/,,,,,0.3,0.0,en,https://outragedpatriot.com/,0.1
oye.news,5316756,2016.0,OYE News,L,CP,L,https://mediabiasfactcheck.com/oye-news/,,,,,0.1,0.0,en,https://oye.news/,0.1
pacificpundit.com,3065573,2012.0,Pacific Pundit,L,FN,L,https://mediabiasfactcheck.com/pacific-pundit/,,,,,0.2,0.0,en,https://www.pacificpundit.com/,0.1
pakalertpress.com,7122175,2009.0,Pak Alert Press,L,CP,L,https://mediabiasfactcheck.com/pak-alert-press/,,,,,0.2,-0.611,en,https://www.pakalertpress.com/,0.1
pantsonfirenews.com,233197,2019.0,Pants on Fire News,L,FN,L,https://mediabiasfactcheck.com/pants-on-fire-news/,,,,,0.6,0.0,en,https://pantsonfirenews.com/,0.1
parler.com,491410,1998.0,Parler,L,FN,L,https://mediabiasfactcheck.com/parler/,,,,https://en.wikipedia.org/wiki/Parler,0.2,-0.717,en,https://parler.com/,0.1
patribotics.blog,12791520,,Patribotics Blog,L,FN,L,https://mediabiasfactcheck.com/patribotics-blog/,,,,https://en.wikipedia.org/wiki/Patribotics,0.2,-0.655,en,https://patribotics.blog/,0.1
patriotfetch.com,805976,2021.0,Patriot Fetch,L,FN,L,https://mediabiasfactcheck.com/patriot-fetch-bias/,,,,,0.5,0.6,en,https://patriotfetch.com/,0.1
patriotfires.com,30000000,2016.0,Patriot Fires,L,FN,L,https://mediabiasfactcheck.com/patriot-fires/,,,,,0.2,0.0,en,https://patriotfires.com/,0.1
patrioticpost.com,535567,2020.0,Patriotic Post,L,FN,L,https://mediabiasfactcheck.com/patriotic-post-bias/,,,,,0.4,0.0,en,https://patrioticpost.com/,0.1
patrioticviralnews.com,363148,2016.0,Patriotic Viral News,L,FN,L,https://mediabiasfactcheck.com/patriotic-viral-news/,,,,,0.2,0.0,en,https://www.patrioticviralnews.com/,0.1
patriots.win,7918,,"Patriots,Win",L,FN,L,https://mediabiasfactcheck.com/patriots-win-bias-and-credibility/,,,,,,,en,https://patriots.win/,0.1
pcmustdie.com,30000000,2019.0,PC Must Die News,L,FN,L,https://mediabiasfactcheck.com/pc-must-die-news/,,,,,0.2,0.0,en,https://pcmustdie.com/,0.1
personalinterpretation.com,30000000,2020.0,Personal Interpretation,L,FN,L,https://mediabiasfactcheck.com/personal-interpretation/,,,,,0.6,-0.6,en,https://www.personalinterpretation.com/,0.1
personalliberty.com,9863787,2003.0,Personal Liberty,L,FN,L,https://mediabiasfactcheck.com/personal-liberty/,,,,,0.2,0.54,en,https://personalliberty.com/,0.1
pointreport.org,30000000,2024.0,Point Report,L,FN,L,https://mediabiasfactcheck.com/point-report-bias-and-credibility/,,,,,,,en,https://www.pointreport.org/,0.1
political-discussion.com,30000000,2017.0,PoliticalDiscussion,L,FN,L,https://mediabiasfactcheck.com/politicaldiscussion/,,,,,0.4,-0.6,en,http://www.political-discussion.com/,0.1
politicalmayhem.news,30000000,,Political Mayhem News,L,FN,L,https://mediabiasfactcheck.com/political-mayhem-news/,1.0,,,,0.2,-0.6,en,https://politicalmayhem.news/,0.1
politichicks.com,7534457,2009.0,PolitiChicks,L,FN,L,https://mediabiasfactcheck.com/politichicks/,,,,https://en.wikipedia.org/wiki/Morgan_Brittany,0.6,0.0,en,https://politichicks.com/,0.1
politicsonline.net,30000000,2019.0,PoliticsOnline.Net,L,FN,L,https://mediabiasfactcheck.com/free-speech-time/,,,,,0.3,-1.0,en,http://www.politicsonline.net/,0.1
politifact.news,30000000,,Poltifact News,L,FN,L,https://mediabiasfactcheck.com/politifact-news/,,,,,0.2,0.0,en,https://politifact.news/,0.1
pop.org,1716594,1996.0,Population Research Institute,L,FN,L,https://mediabiasfactcheck.com/population-research-institute/,,,,https://en.wikipedia.org/wiki/Population_Research_Institute,0.3,0.2,en,https://www.pop.org/,0.1
populist.press,30000000,2020.0,Populist Press,L,FN,L,https://mediabiasfactcheck.com/populist-press/,1.0,,,,0.1,-0.103,en,https://populist.press/,0.1
populistpress.com,809859,2015.0,Populist Press,L,FN,L,https://mediabiasfactcheck.com/populist-press/,1.0,,,,0.2,0.6,en,https://populistpress.com/,0.1
powderedwigsociety.com,30000000,2013.0,Powdered Wig Society,L,FN,L,https://mediabiasfactcheck.com/powdered-wig-society/,,,,,0.1,0.0,en,https://powderedwigsociety.com/,0.1
prageru.com,30049,2008.0,PragerU,L,FN,L,https://mediabiasfactcheck.com/prageru/,1.0,,,https://en.wikipedia.org/wiki/PragerU,0.2,-0.724,en,https://www.prageru.com/,0.1
prepareforchange.net,145867,2013.0,Prepare for Change,L,CP,L,https://mediabiasfactcheck.com/prepare-for-change/,,,,,0.1,0.22,en,https://prepareforchange.net/,0.1
preppersdailynews.com,30000000,2017.0,Preppers Daily News,L,FN,L,https://mediabiasfactcheck.com/preppers-daily-news-bias-and-credibility/,,,,,,,en,https://www.preppersdailynews.com/,0.1
presidentialhill.com,780544,2020.0,Presidential Hill,L,FN,L,https://mediabiasfactcheck.com/presidential-hill-bias/,,,,,0.3,0.0,en,https://presidentialhill.com/,0.1
presstv.com,1347609,2002.0,Press TV,L,FN,L,https://mediabiasfactcheck.com/press-tv/,,1.0,1.0,https://en.wikipedia.org/wiki/Press_TV,0.2,-0.266,en,https://www.presstv.com/,0.1
principia-scientific.com,2021941,2019.0,Principia Scientific,L,CP,L,https://mediabiasfactcheck.com/principia-scientific-international/,1.0,,,,0.4,-0.04,en,https://principia-scientific.com/,0.1
principia-scientific.org,3890880,2010.0,Principia Scientific International,L,CP,L,https://mediabiasfactcheck.com/principia-scientific-international/,1.0,,,,0.1,0.14,en,https://principia-scientific.org/,0.1
prntly.com,30000000,2014.0,Prntly,L,FN,L,https://mediabiasfactcheck.com/prntly/,1.0,,,https://en.wikipedia.org/wiki/Prntly,0.2,-0.9,en,https://prntly.com/,0.1
profam.org,13491153,1997.0,International Organization for the Family,L,FN,L,https://mediabiasfactcheck.com/international-organization-for-the-family-iof/,,,,,0.2,0.0,en,https://profam.org/,0.1
progressivestoday.com,30000000,2014.0,Progressives Today,L,FN,L,https://mediabiasfactcheck.com/progressives-today/,,,,,0.6,-0.298,en,https://progressivestoday.com/,0.1
prophecynewswatch.com,174430,2002.0,Prophecy News Watch,L,CP,L,https://mediabiasfactcheck.com/prophecy-news-watch/,,,,,0.2,0.48,en,http://prophecynewswatch.com/,0.1
prophecytoday.com,5857374,1998.0,Prophecy Today,L,CP,L,https://mediabiasfactcheck.com/prophecy-today/,,,,,0.2,0.24,en,https://prophecytoday.com/,0.1
protrumpnews.com,100961,2019.0,Pro Trump News,L,FN,L,https://mediabiasfactcheck.com/pro-trump-news/,,,,,0.3,0.6,en,https://protrumpnews.com/,0.1
rairfoundation.com,494093,2016.0,RAIR Foundation USA,L,FN,L,https://mediabiasfactcheck.com/rair-foundation-usa/,1.0,,,,0.6,0.6,en,https://rairfoundation.com/,0.1
rapturenewsnetwork.com,30000000,2016.0,Rapture News Network,L,CP,L,https://mediabiasfactcheck.com/rapture-news-network/,,,,,0.2,0.0,en,https://www.rapturenewsnetwork.com/,0.1
realclimatescience.com,1166659,2015.0,Real Climate Science,L,CP,L,https://mediabiasfactcheck.com/real-climate-science/,,,,,0.2,-0.817,en,https://realclimatescience.com/,0.1
realconservativesunite.com,30000000,2016.0,Real Conservatives Unite,L,FN,L,https://mediabiasfactcheck.com/real-conservatives-unite/,,,,,0.2,,en,https://realconservativesunite.com/,0.1
realfarmacy.com,6686158,2013.0,REALfarmacy.com,L,CP,L,https://mediabiasfactcheck.com/realfarmacy/,1.0,,,,0.2,-0.557,en,https://realfarmacy.com/,0.1
realnews24.com,17344997,2011.0,Real News 24,L,CP,L,https://mediabiasfactcheck.com/real-news-24/,,,,,0.3,0.22,en,http://www.realnews24.com/,0.1
redice.tv,238331,2014.0,Red Ice TV,L,FN,L,https://mediabiasfactcheck.com/red-ice-tv/,1.0,,,https://en.wikipedia.org/wiki/Red_Ice,0.2,-0.884,en,https://redice.tv/,0.1
redstatenation.com,1288737,2017.0,Red State Nation,L,FN,L,https://mediabiasfactcheck.com/red-state-nation-bias/,,,,,,,en,https://redstatenation.com/,0.1
redstatewatcher.com,896401,2015.0,Red State Watcher,L,FN,L,https://mediabiasfactcheck.com/red-state-watcher/,1.0,,,,0.3,-0.96,en,http://redstatewatcher.com/,0.1
redvoicemedia.com,390752,2020.0,Red Voice Media,L,FN,L,https://mediabiasfactcheck.com/red-voice-media/,,,,,0.3,-0.577,en,https://www.redvoicemedia.com/,0.1
redwhiteandright.com,30000000,2016.0,"Red, White and Right",L,FN,L,https://mediabiasfactcheck.com/red-white-and-right/,,,,,0.6,0.0,en,https://redwhiteandright.com/,0.1
reformedmedia.net,30000000,2011.0,Reformed Media,L,FN,L,https://mediabiasfactcheck.com/reformed-media-bias/,,,,,0.4,-0.6,en,https://reformedmedia.net/,0.1
remnantnewspaper.com,398168,2014.0,The Remnant Newspaper,L,FN,L,https://mediabiasfactcheck.com/the-remnant-magazine/,,,,https://en.wikipedia.org/wiki/The_Remnant_(newspaper),0.2,0.34,en,https://remnantnewspaper.com/web/index.php,0.1
renewamerica.com,4429384,1999.0,Renew America,L,FN,L,https://mediabiasfactcheck.com/renew-america/,,,,https://en.wikipedia.org/wiki/Alan_Keyes,0.3,-0.1,en,https://www.renewamerica.com/,0.1
researchantisemitism.ca,30000000,2017.0,Center for Research of Radicalism and National Security,L,FN,L,https://mediabiasfactcheck.com/centre-for-research-of-radicalism-and-national-security-crrns/,,,,,0.2,0.0,en,http://researchantisemitism.ca/,0.1
returnofkings.com,1035080,2012.0,Return of Kings,L,FN,L,https://mediabiasfactcheck.com/return-of-kings/,1.0,,,,0.4,0.037,en,https://www.returnofkings.com/,0.1
returntonow.net,889459,2019.0,Return to Now,L,CP,L,https://mediabiasfactcheck.com/return-to-now/,,,,,0.2,0.0,en,https://returntonow.net/,0.1
revolutionradio.org,8984273,2003.0,Revolution Radio,L,CP,L,https://mediabiasfactcheck.com/revolution-radio/,,,,,0.1,-0.817,en,http://revolutionradio.org/,0.1
ria.ru,405,2000.0,RIA Novosti,L,FN,L,https://mediabiasfactcheck.com/ria-novosti-bias/,,,,https://en.wikipedia.org/wiki/RIA_Novosti,0.3,0.685,ru,https://ria.ru/,0.1
righterway.com,30000000,2017.0,Righter Way,L,FN,L,https://mediabiasfactcheck.com/righter-way/,,,,,0.2,0.0,en,https://righterway.com/,0.1
rightsidenews.com,4468774,2007.0,Right Side News,L,FN,L,https://mediabiasfactcheck.com/right-side-news/,,,,,0.6,0.74,en,https://rightsidenews.com/,0.1
rightwing.news,30000000,2018.0,Right Wing News,L,FN,L,https://mediabiasfactcheck.com/right-wing-news-rightwing-news/,1.0,,,,0.4,0.0,en,https://rightwing.news/,0.1
rightwingnews.com,1543219,2000.0,Right Side News,L,FN,L,https://mediabiasfactcheck.com/right-wing-news/,1.0,,,,0.2,0.213,en,https://rightwingnews.com/,0.1
rightwingtribune.com,20175376,2015.0,Right Wing Tribune,L,FN,L,https://mediabiasfactcheck.com/right-wing-tribune/,1.0,,,,0.3,-1.0,en,https://rightwingtribune.com/,0.1
rinf.com,30000000,2003.0,RINF,L,FN,L,https://mediabiasfactcheck.com/rinf/,,,,https://en.wikipedia.org/wiki/RINF,0.5,0.065,en,https://rinf.com/alt-news/,0.1
roguereview.net,14629295,2019.0,Rogue Review,L,FN,L,https://mediabiasfactcheck.com/rogue-review-bias/,,,,,0.3,,en,https://www.roguereview.net/,0.1
ronpaulinstitute.org,770652,,The Ron Paul Institute,L,FN,L,https://mediabiasfactcheck.com/the-ron-paul-institute/,,,,https://en.wikipedia.org/wiki/Ron_Paul,0.6,0.023,en,https://ronpaulinstitute.org/,0.1
rossiyasegodnya.com,30000000,,Rossiya Segodyna,L,FN,L,https://mediabiasfactcheck.com/rossiya-segodnya-bias/,,,,,,,en,https://rossiyasegodnya.com/,0.1
rsbnetwork.com,278110,2016.0,Right Side Broascasting Network,L,FN,L,https://mediabiasfactcheck.com/right-side-broadcasting-network-rsbn/,,,,,0.2,-0.28,en,https://rsbnetwork.com/,0.1
rumble.com,328,1998.0,Rumble,L,FN,L,https://mediabiasfactcheck.com/rumble/,,,,https://en.wikipedia.org/wiki/Rumble_(website),0.2,-0.799,en,https://rumble.com/,0.1
russia-insider.com,2709927,2014.0,Russia Insider,L,FN,L,https://mediabiasfactcheck.com/russia-insider/,,,,https://en.wikipedia.org/wiki/Russia_Insider,0.2,-0.877,en,https://russia-insider.com/en,0.1
ruthinstitute.org,4503666,2015.0,Ruth Institute,L,FN,L,https://mediabiasfactcheck.com/ruth-institute/,,,,https://en.wikipedia.org/wiki/Jennifer_Roback_Morse,0.3,0.017,en,https://ruthinstitute.org/,0.1
sanevax.org,20818802,2010.0,SaneVax,L,CP,L,https://mediabiasfactcheck.com/sanevax/,,,,,0.3,-0.32,en,https://sanevax.org/,0.1
santeplusmag.com,46348,2014.0,Sante Plus Magazine,L,CP,L,https://mediabiasfactcheck.com/sante-plus-magazine/,,,,,0.4,-0.838,fr,https://www.santeplusmag.com/,0.1
savethemales.ca,1717282,2001.0,Henry Makow,L,CP,L,https://mediabiasfactcheck.com/henry-makow-savethemales-ca/,,,,,0.1,0.4,en,https://www.savethemales.ca/,0.1
secondamendmentdaily.com,30000000,2017.0,2nd Amendment Daily News,L,FN,L,https://mediabiasfactcheck.com/2nd-amendment-daily-news/,,,,,0.2,0.0,en,https://www.secondamendmentdaily.com/,0.1
sgtreport.com,362541,2010.0,SGT Report,L,CP,L,https://mediabiasfactcheck.com/sgt-report/,,,,,0.2,0.3,en,https://www.sgtreport.com/,0.1
sheepkillers.com,30000000,2008.0,Sheep Killers,L,CP,L,https://mediabiasfactcheck.com/sheep-killers/,,,,,0.1,-1.0,en,http://sheepkillers.com/,0.1
shoebat.com,1462294,2004.0,Shoebat,L,CP,L,https://mediabiasfactcheck.com/shoebat/,,,,https://en.wikipedia.org/wiki/Walid_Shoebat,0.1,-0.798,en,https://shoebat.com/,0.1
shtfplan.com,629213,2009.0,SHTFplan.com,L,FN,L,https://mediabiasfactcheck.com/shtfplan-com/,,,,,0.3,-0.318,en,https://www.shtfplan.com/,0.1
smobserved.com,231933,2011.0,Santa Monica Observer,L,FN,L,https://mediabiasfactcheck.com/santa-monica-observer/,1.0,,,,0.2,0.0,en,https://www.smobserved.com/,0.1
sonsoflibertymedia.com,1196364,2011.0,Sons of Liberty Media,L,FN,L,https://mediabiasfactcheck.com/sons-liberty-media/,,,,,0.1,,en,https://sonsoflibertymedia.com/,0.1
sott.net,110721,2004.0,Signs of the Times,L,CP,L,https://mediabiasfactcheck.com/signs-of-the-times-sott/,,,,,0.2,-0.799,en,https://www.sott.net/,0.1
southfront.org,490876,2015.0,South Front,L,CP,L,https://mediabiasfactcheck.com/south-front/,,,,,0.2,0.14,en,https://southfront.org/,0.1
sovren.media,4813249,,Sovren.Media,L,FN,L,https://mediabiasfactcheck.com/sovren-media-bias/,,,,https://en.wikipedia.org/wiki/Ben_Swann,,,en,https://sovren.media/,0.1
speech-point.com,30000000,2018.0,Speech Point,L,FN,L,https://mediabiasfactcheck.com/speech-point/,,,,,0.4,-0.6,en,http://www.speech-point.com/,0.1
speisa.com,30000000,2013.0,Speisa,L,FN,L,https://mediabiasfactcheck.com/speisa/,,,,,0.2,-0.579,ja,https://speisa.com/,0.1
squawker.org,13664321,2017.0,Squawker,L,FN,L,https://mediabiasfactcheck.com/squawker/,,,,,0.5,0.0,en,https://squawker.org/,0.1
staresattheworld.com,9523055,2009.0,Stares at the World,L,FN,L,https://mediabiasfactcheck.com/stares-at-the-world/,,,,,0.2,0.0,en,https://www.staresattheworld.com/,0.1
stateofthenation.co,310373,2014.0,State of the Nation,L,FN,L,https://mediabiasfactcheck.com/state-of-the-union-2012/,,,,,0.2,0.0,en,https://stateofthenation.co/,0.1
stateofthenation2012.com,3192631,2012.0,State of the Nation 2012,L,FN,L,https://mediabiasfactcheck.com/state-of-the-union-2012/,,,,,0.3,-0.93,en,https://stateofthenation2012.com/,0.1
stillnessinthestorm.com,528461,2015.0,Stillness in the Storm,L,CP,L,https://mediabiasfactcheck.com/stillness-in-the-storm/,1.0,,,,0.1,0.0,en,https://stillnessinthestorm.com/,0.1
stonecoldtruth.com,30000000,2015.0,Stone Cold Truth,L,FN,L,https://mediabiasfactcheck.com/stone-cold-truth/,1.0,,,,0.3,0.2,en,https://stonecoldtruth.com/,0.1
stormcloudsgathering.com,8695439,2012.0,Storm Clouds Gathering,L,CP,L,https://mediabiasfactcheck.com/storm-clouds-gathering/,,,,,0.2,-0.439,en,https://stormcloudsgathering.com/,0.1
subjectpolitics.com,30000000,2012.0,Subject Politics,L,FN,L,https://mediabiasfactcheck.com/subject-politics/,,,,,0.2,-0.844,en,https://subjectpolitics.com/,0.1
summit.news,204125,2018.0,Summit News,L,FN,L,https://mediabiasfactcheck.com/summit-news/,,,,,0.2,-0.898,en,https://summit.news/,0.1
supportisraelnow.com,30000000,2015.0,Support Israel Now,L,FN,L,https://mediabiasfactcheck.com/support-israel-now/,,,,,0.4,-0.6,en,https://www.supportisraelnow.com/,0.1
survivalblog.com,417598,2005.0,SurvivalBlog.com,L,FN,L,https://mediabiasfactcheck.com/survivalblog-com/,,,,https://en.wikipedia.org/wiki/James_Wesley_Rawles,0.2,0.78,en,https://survivalblog.com/,0.1
survivethenews.com,2999815,2020.0,Survive The News,L,FN,L,https://mediabiasfactcheck.com/survive-the-news-bias/,,,,,0.3,,en,https://www.survivethenews.com/,0.1
sustainablepulse.com,3673220,2012.0,Sustainable Pulse,L,CP,L,https://mediabiasfactcheck.com/sustainable-pulse/,,,,,0.2,0.34,en,https://sustainablepulse.com/,0.1
swampdrain.com,6787790,2016.0,SwampDrain.com,L,FN,L,https://mediabiasfactcheck.com/swampdrain-com/,,,,,0.2,0.0,en,https://swampdrain.com/,0.1
swarajyamag.com,37521,2014.0,Swarajya,L,FN,L,https://mediabiasfactcheck.com/swarajya/,,1.0,,https://en.wikipedia.org/wiki/Swarajya_(magazine),0.2,-0.802,en,https://swarajyamag.com/,0.1
syrianews.cc,6417033,2011.0,Syria News,L,FN,L,http://mediabiasfactcheck.com/syria-news/,,,,,0.2,0.0,en,https://www.syrianews.cc/,0.1
takimag.com,143355,2007.0,Taki's Magazine,L,FN,L,https://mediabiasfactcheck.com/takis-magazine/,,1.0,1.0,https://en.wikipedia.org/wiki/Taki%27s_Magazine,0.2,-0.315,en,https://www.takimag.com/,0.1
tashnews.com,30000000,2016.0,TashNews,L,FN,L,https://mediabiasfactcheck.com/tashnews/,,,,,0.8,-0.6,en,https://tashnews.com/,0.1
tdtalliance.com,30000000,2015.0,TDT Alliance,L,FN,L,https://mediabiasfactcheck.com/tdtalliance-com/,1.0,,,,0.2,-0.65,en,https://www.tdtalliance.com/,0.1
teaparty.org,1952813,2004.0,Tea Party,L,FN,L,https://mediabiasfactcheck.com/tea-party-inc/,1.0,,,,0.2,-0.72,en,https://www.teaparty.org/,0.1
tfp.org,311230,1997.0,"American Society for the Defense of Tradition, Family, and Property",L,FN,L,https://mediabiasfactcheck.com/american-society-defense-tradition-family-property/,,,,"https://en.wikipedia.org/wiki/American_Society_for_the_Defense_of_Tradition,_Family_and_Property",0.2,0.16,en,https://www.tfp.org/,0.1
thealternativedaily.com,52508,2011.0,Alternative Daily,L,CP,L,https://mediabiasfactcheck.com/alternative-daily-bias/,,,,,0.5,-0.3,en,https://www.thealternativedaily.com/,0.1
theamericanmirror.com,11541637,2014.0,The American Mirror,L,FN,L,https://mediabiasfactcheck.com/the-american-mirror/,,,,,0.3,-0.862,en,https://www.theamericanmirror.com/,0.1
theautomaticearth.com,833676,2008.0,The Automatic Earth,L,CP,L,https://mediabiasfactcheck.com/the-automatic-earth/,,,,,0.6,-0.464,en,https://www.theautomaticearth.com/,0.1
thebeardedpatriot.com,858687,2013.0,The Bearded Patriot,L,FN,L,https://mediabiasfactcheck.com/the-bearded-patriot/,,,,,0.2,0.0,en,https://thebeardedpatriot.com/,0.1
thebluestateconservative.com,14836488,2020.0,The Blue State Conservative,L,FN,L,https://mediabiasfactcheck.com/the-blue-state-conservative-bias/,,,,,0.3,,en,https://thebluestateconservative.com/,0.1
thebreakingnews.com,30000000,1999.0,The Breaking News,L,FN,L,https://mediabiasfactcheck.com/thebreakingnews/,,,,,0.7,0.2,en,https://thebreakingnews.com/,0.1
thecoloradoherald.com,30000000,2020.0,The Colorado Herald,L,FN,L,https://mediabiasfactcheck.com/the-colorado-herald/,1.0,,,,0.4,-0.6,en,https://thecoloradoherald.com/,0.1
theconservativecentral.com,30000000,2017.0,The Conservative Central,L,FN,L,https://mediabiasfactcheck.com/the-conservative-central/,,,,,0.2,0.0,en,https://theconservativecentral.com/,0.1
theconservativetreehouse.com,48562,2011.0,The Last Refuge,L,FN,L,https://mediabiasfactcheck.com/the-last-refuge/,1.0,,,,0.1,-0.791,en,https://theconservativetreehouse.com/,0.1
thedailybell.com,2008987,2008.0,The Daily Bell,L,FN,L,https://mediabiasfactcheck.com/the-daily-bell/,,,,,0.2,0.46,en,https://www.thedailybell.com/,0.1
thedailyconspiracy.com,30000000,2017.0,The Daily Conspiracy,L,CP,L,https://mediabiasfactcheck.com/the-daily-conspiracy/,,,,,0.2,0.0,en,https://thedailyconspiracy.com/,0.1
thedailysheeple.com,7486206,2010.0,The Daily Sheeple,L,CP,L,https://mediabiasfactcheck.com/the-daily-sheeple/,,,,,0.2,-0.299,en,https://www.thedailysheeple.com/,0.1
thedcpatriot.com,1389380,2019.0,The DC Patriot,L,FN,L,https://mediabiasfactcheck.com/the-dc-patriot/,,,,,0.1,-1.0,en,https://thedcpatriot.com/,0.1
theduran.com,378202,2016.0,The Duran,L,FN,L,https://mediabiasfactcheck.com/the-duran/,,,,,0.1,-0.397,en,https://theduran.com/,0.1
theeventchronicle.com,2659239,2014.0,The Event Chronicle,L,CP,L,https://mediabiasfactcheck.com/the-event-chronicle/,,,,,0.2,-0.624,en,https://theeventchronicle.com/,0.1
thefederalistpapers.org,125484,2011.0,The Federalist Papers Project,L,FN,L,https://mediabiasfactcheck.com/the-federalist-papers-project/,,,,,0.3,-0.699,en,https://thefederalistpapers.org/,0.1
theforbiddenknowledge.com,8877091,1999.0,The Forbidden Knowledge,L,CP,L,https://mediabiasfactcheck.com/the-forbidden-knowledge/,,,,,0.1,-0.089,en,https://www.theforbiddenknowledge.com/,0.1
thefreedomtimes.com,30000000,2018.0,The Freedom Times,L,FN,L,https://mediabiasfactcheck.com/the-freedom-times/,,,,,0.2,0.0,en,https://www.thefreedomtimes.com/,0.1
thefreethoughtproject.com,978832,2013.0,Free Thought Project,L,CP,L,https://mediabiasfactcheck.com/free-thought-project/,1.0,,,,0.3,-0.498,en,https://thefreethoughtproject.com/,0.1
thegoldwater.com,5346463,2016.0,The Goldwater,L,FN,L,https://mediabiasfactcheck.com/the-goldwater/,,,,,0.5,-0.18,en,https://thegoldwater.com/,0.1
thehayride.com,2812662,2009.0,The Hayride,L,FN,L,https://mediabiasfactcheck.com/the-hayride/,,,,,0.5,0.0,en,https://thehayride.com/,0.1
thehighwire.com,180414,2004.0,The Highwire,L,CP,L,https://mediabiasfactcheck.com/the-highwire/,,,,,0.2,0.0,en,https://thehighwire.com/,0.1
thehornnews.com,99674,2015.0,The Horn,L,FN,L,https://mediabiasfactcheck.com/the-horn-news/,,,,,0.2,0.54,en,https://thehornnews.com/,0.1
thelastamericanvagabond.com,502507,,The Last American Vagabond,L,FN,L,https://mediabiasfactcheck.com/the-last-american-vagabond-bias-and-credibility/,,,,,,,en,https://www.thelastamericanvagabond.com/,0.1
thelaughclub.net,4891591,2019.0,The Laugh Club,L,FN,L,https://mediabiasfactcheck.com/the-laugh-club/,,,,,0.2,-1.0,en,https://www.thelaughclub.net/,0.1
thelibertybeacon.com,2417679,2012.0,The Liberty Beacon,L,CP,L,https://mediabiasfactcheck.com/the-liberty-beacon/,,,,,0.1,-0.8,en,https://www.thelibertybeacon.com/,0.1
thelibertyrevolution.com,6009947,2019.0,The Liberty Revolution,L,FN,L,https://mediabiasfactcheck.com/the-liberty-revolution-bias/,,,,,0.4,,en,https://thelibertyrevolution.com/,0.1
themillenniumreport.com,1032034,2014.0,The Millennium Report,L,FN,L,https://mediabiasfactcheck.com/the-millennium-report/,,,,,0.2,-1.0,en,https://themillenniumreport.com/,0.1
themindunleashed.com,1672789,2013.0,The Mind Unleashed,L,CP,L,https://mediabiasfactcheck.com/the-mind-unleashed/,,,,,0.2,-0.986,en,https://themindunleashed.com/,0.1
themostimportantnews.com,1126366,2009.0,The Most Important News,L,FN,L,https://mediabiasfactcheck.com/the-most-important-news-bias-and-credibility/,,,,,,,en,https://themostimportantnews.com/,0.1
thenationalpatriot.com,30000000,2011.0,The National Patriot,L,FN,L,https://mediabiasfactcheck.com/the-national-patriot/,,,,,0.3,0.0,en,https://www.thenationalpatriot.com/,0.1
thepatriotlight.com,2305703,2019.0,The Patriot Light,L,FN,L,https://mediabiasfactcheck.com/the-patriot-light-bias/,,,,,,,en,https://thepatriotlight.com/,0.1
thepatriotnation.net,820058,2013.0,The Patriot Nation,L,FN,L,https://mediabiasfactcheck.com/the-patriot-nation/,,,,,0.4,-0.6,en,https://thepatriotnation.net/,0.1
thepoliticalinsider.com,632264,2006.0,Political Insider,L,FN,L,https://mediabiasfactcheck.com/political-insider/,1.0,,,,0.3,-0.921,en,https://thepoliticalinsider.com/,0.1
thepolitics.online,30000000,,The Politics Online,L,FN,L,https://mediabiasfactcheck.com/the-politics-online/,,,,,0.2,-0.6,en,http://www.thepolitics.online/,0.1
thepublicdiscourse.com,330759,2008.0,Witherspoon Institute,L,FN,L,https://mediabiasfactcheck.com/witherspoon-institute/,,,,https://en.wikipedia.org/wiki/Witherspoon_Institute,0.2,0.26,en,https://www.thepublicdiscourse.com/,0.1
thepulse.one,1995981,,The Pulse,L,CP,L,https://mediabiasfactcheck.com/the-pulse-bias/,,,,,0.3,,en,https://thepulse.one/,0.1
thepuristonline.com,808042,2017.0,The Purist,L,CP,L,https://mediabiasfactcheck.com/the-purist-magazine-bias/,,,,,0.6,,en,https://thepuristonline.com/,0.1
theragingpatriot.org,13332502,2021.0,The Raging Patriot,L,FN,L,https://mediabiasfactcheck.com/the-raging-patriot-bias/,,,,,0.3,,en,https://theragingpatriot.org/,0.1
thereligionofpeace.com,177029,2002.0,The Religion of Peace,L,FN,L,https://mediabiasfactcheck.com/the-religion-of-peace/,,,,,0.2,0.28,en,https://thereligionofpeace.com/,0.1
therightists.com,30000000,2016.0,The Rightists,L,FN,L,https://mediabiasfactcheck.com/the-rightists/,1.0,,,,0.2,-0.62,en,https://therightists.com/,0.1
therundownlive.com,10873010,2013.0,The Rundown Live,L,CP,L,https://mediabiasfactcheck.com/the-rundown-live/,,,,,0.2,-1.0,en,https://therundownlive.com/,0.1
thetruedefender.com,2165194,2021.0,The True Defender,L,FN,L,https://mediabiasfactcheck.com/the-true-defender/,,,,,0.2,-0.28,en,https://thetruedefender.com/,0.1
thetruereporter.com,8310126,2016.0,The True Reporter,L,FN,L,https://mediabiasfactcheck.com/the-true-reporter/,,,,,0.2,-1.0,en,https://thetruereporter.com/,0.1
thetruthaboutcancer.com,462680,2011.0,The Truth about Cancer,L,CP,L,https://mediabiasfactcheck.com/the-truth-about-cancer/,1.0,,,,0.2,-0.713,en,https://thetruthaboutcancer.com/,0.1
thetruthseeker.co.uk,173596,2002.0,The Truth Seeker,L,CP,L,https://mediabiasfactcheck.com/the-truth-seeker/,,,,,0.1,-0.761,en,https://www.thetruthseeker.co.uk/,0.1
thetruthvoice.net,30000000,2019.0,The Truth Voice,L,FN,L,https://mediabiasfactcheck.com/the-truth-voice/,,,,,0.3,-0.6,en,http://www.thetruthvoice.net/,0.1
theunionjournal.com,2171963,2019.0,The Union Journal,L,FN,L,https://mediabiasfactcheck.com/the-union-journal/,,,,,0.3,0.0,en,https://theunionjournal.com/,0.1
thevaccinereaction.org,2414692,2013.0,The Vaccine Reaction,L,CP,L,https://mediabiasfactcheck.com/the-vaccine-reaction/,,,,,0.1,-0.6,en,https://thevaccinereaction.org/,0.1
thewashingtonstandard.com,1153422,2013.0,The Washington Standard,L,FN,L,https://mediabiasfactcheck.com/the-washington-standard/,,,,,0.3,-1.0,en,https://thewashingtonstandard.com/,0.1
thinkamericana.com,483972,2017.0,Think Americana,L,FN,L,https://mediabiasfactcheck.com/think-americana/,,,,,0.1,-1.0,en,https://thinkamericana.com/,0.1
thinkinghumanity.com,2651546,2014.0,Thinking Humanity,L,CP,L,https://mediabiasfactcheck.com/thinking-humanity/,,,,,0.4,0.56,en,https://www.thinkinghumanity.com/,0.1
thinkingmomsrevolution.com,30000000,2011.0,Thinking Mom's Revolution,L,CP,L,https://mediabiasfactcheck.com/thinking-moms-revolution/,,,,,0.2,-0.64,en,https://thinkingmomsrevolution.com/,0.1
thrivemovement.com,5930638,2009.0,Thrive Movement,L,CP,L,https://mediabiasfactcheck.com/thrive-movement/,,,,,0.2,0.76,en,https://www.thrivemovement.com/,0.1
torontotoday.net,30000000,2018.0,Toronto Today,L,FN,L,https://mediabiasfactcheck.com/toronto-today/,1.0,,,,0.3,-1.0,en,https://www.torontotoday.net/,0.1
tpusa.com,349524,2002.0,Turning Point USA,L,FN,L,https://mediabiasfactcheck.com/turning-point-usa/,,,,https://en.wikipedia.org/wiki/Turning_Point_USA,0.2,-0.44,en,https://www.tpusa.com/,0.1
trendingpolitics.com,1493736,2016.0,Trending Politics,L,FN,L,https://mediabiasfactcheck.com/trending-politics/,,,,,0.3,0.16,en,https://trendingpolitics.com/,0.1
triggerreset.net,30000000,2018.0,Trigger Reset,L,FN,L,https://mediabiasfactcheck.com/triggerreset/,,,,,0.2,0.0,en,https://triggerreset.net/,0.1
trueactivist.com,1211532,2011.0,Center for Immigration Studies,L,FN,L,https://mediabiasfactcheck.com/true-activist/,,,,,0.2,-0.303,en,https://www.trueactivist.com/,0.1
truepundit.com,4941863,2016.0,True Pundit,L,CP,L,https://mediabiasfactcheck.com/true-pundit/,1.0,,,,0.1,-0.994,en,https://truepundit.com/,0.1
trump.news,1793877,2015.0,Trump.news,L,FN,L,https://mediabiasfactcheck.com/trump-news/,,,,https://en.wikipedia.org/wiki/Natural_News,0.1,0.22,en,https://trump.news/,0.1
trunews.com,253170,2003.0,TruNews,L,CP,L,https://mediabiasfactcheck.com/trunews/,1.0,,,https://en.wikipedia.org/wiki/Rick_Wiles,0.1,0.28,en,https://www.trunews.com/,0.1
truthandaction.org,9781016,2013.0,Truth and Action,L,FN,L,https://mediabiasfactcheck.com/truth-and-action/,,,,,0.2,-0.952,en,https://www.truthandaction.org/,0.1
truthinmedia.com,1261089,1999.0,Truth in Media,L,FN,L,https://mediabiasfactcheck.com/truth-in-media/,,,,https://en.wikipedia.org/wiki/Ben_Swann,0.2,0.24,en,https://truthinmedia.com/,0.1
truthmonitor.com,30000000,2016.0,Truth Monitor,L,FN,L,https://mediabiasfactcheck.com/truth-monitor/,,,,,0.6,0.0,en,https://truthmonitor.com/,0.1
truthpress.com,87162,2007.0,Truth Press,L,FN,L,https://mediabiasfactcheck.com/truth-press-bias/,,,,,0.3,0.6,en,https://truthpress.com/,0.1
truthuncensored.net,7530560,2018.0,Truth Uncensored,L,FN,L,https://mediabiasfactcheck.com/truth-uncensored/,,,,,0.1,0.0,en,https://truthuncensored.net/,0.1
ukcolumn.org,290265,2007.0,UK Column,L,CP,L,https://mediabiasfactcheck.com/uk-column/,,,,,0.2,0.28,en,https://www.ukcolumn.org/,0.1
unclesamsmisguidedchildren.com,4578903,2011.0,Uncle Sam's Misguided Children,L,FN,L,https://mediabiasfactcheck.com/uncle-sams-misguided-children/,,,,,0.2,-0.5,en,https://unclesamsmisguidedchildren.com/,0.1
uncoverdc.com,310094,2019.0,UncoverDC,L,FN,L,https://mediabiasfactcheck.com/uncoverdc/,,,,,0.4,-0.587,en,https://uncoverdc.com/,0.1
understandingthethreat.com,9951269,2012.0,Understanding the threat,L,FN,L,https://mediabiasfactcheck.com/understanding-the-threat/,,,,,0.3,-0.16,en,https://www.understandingthethreat.com/,0.1
uniteamericafirst.com,5664582,2017.0,Unite America First,L,FN,L,https://mediabiasfactcheck.com/unite-america-first/,,,,,0.1,0.0,en,https://uniteamericafirst.com/,0.1
unz.com,38911,1997.0,The Unz Review,L,FN,L,https://mediabiasfactcheck.com/the-unz-report/,,1.0,1.0,https://en.wikipedia.org/wiki/Ron_Unz,0.2,-0.288,en,https://www.unz.com/,0.1
us24news.com,30000000,2018.0,24 News,L,FN,L,https://mediabiasfactcheck.com/24-news/,,,,,0.2,0.0,en,https://us24news.com/,0.1
usahitman.com,5835512,2010.0,USA Hitman,L,CP,L,https://mediabiasfactcheck.com/usa-hitman/,,,,,0.2,-0.468,en,https://usahitman.com/,0.1
usawatchdog.com,203837,2005.0,USAWatchdog.com,L,CP,L,https://mediabiasfactcheck.com/usawatchdog-com/,,,,,0.2,-0.197,en,https://usawatchdog.com/,0.1
uschronicle.com,9793077,2003.0,US Chronicle,L,FN,L,https://mediabiasfactcheck.com/us-chronicle/,,,,,0.4,-1.0,en,https://uschronicle.com/,0.1
uslibertywire.com,30000000,2018.0,US Liberty Wire,L,FN,L,https://mediabiasfactcheck.com/us-liberty-wire-bias-credibility-fake-news/,,,,,0.2,0.0,en,https://uslibertywire.com/,0.1
ussanews.com,819070,2010.0,USSA News,L,FN,L,https://mediabiasfactcheck.com/ussa-news/,1.0,,,,0.2,0.022,en,https://ussanews.com/,0.1
vaccinepapers.org,30000000,2015.0,Vaccine Papers,L,CP,L,https://mediabiasfactcheck.com/vaccine-papers/,,,,,0.3,0.0,en,https://vaccinepapers.org/,0.1
vactruth.com,3762509,2009.0,VacTruth.com,L,CP,L,https://mediabiasfactcheck.com/vactruth-com/,,,,,0.2,-0.961,en,https://vactruth.com/,0.1
vaxxter.com,3844306,2015.0,Vaxxter,L,CP,L,https://mediabiasfactcheck.com/vaxxter/,,,,,0.2,-1.0,en,https://vaxxter.com/,0.1
vdare.com,257067,1999.0,Vdare,L,FN,L,https://mediabiasfactcheck.com/vdare/,,1.0,1.0,https://en.wikipedia.org/wiki/VDARE,0.2,-0.467,en,https://vdare.com/,0.1
vidmax.com,47792,2003.0,Vidmax,L,FN,L,https://mediabiasfactcheck.com/vidmax-2/,,,,,0.2,0.18,en,https://vidmax.com/,0.1
vigilantcitizen.com,81054,2008.0,Vigilant Citizen,L,CP,L,https://mediabiasfactcheck.com/vigilant-citizen/,,,,,0.2,-0.769,en,https://vigilantcitizen.com/,0.1
viralhatch.com,338045,2014.0,Viral Hatch,L,FN,L,https://mediabiasfactcheck.com/viral-hatch/,,,,,0.2,0.0,en,https://viralhatch.com/,0.1
viralnewsnetwork.net,30000000,2018.0,Viral News Network,L,CP,L,https://mediabiasfactcheck.com/viral-news-network/,,,,,0.2,-1.0,en,https://viralnewsnetwork.net/,0.1
wakeup-world.com,991875,2011.0,Wake Up World,L,CP,L,https://mediabiasfactcheck.com/wake-up-world/,,,,,0.3,0.32,en,https://wakeup-world.com/,0.1
wakingtimes.com,1965748,2011.0,The Waking Times,L,CP,L,https://mediabiasfactcheck.com/the-waking-times/,1.0,,,,0.1,-0.859,en,https://www.wakingtimes.com/,0.1
wallbuilders.com,1051460,1999.0,WallBuilders,L,FN,L,https://mediabiasfactcheck.com/wallbuilders/,,,,https://en.wikipedia.org/wiki/David_Barton_(author),0.2,0.48,en,https://wallbuilders.com/,0.1
wattsupwiththat.com,147089,2007.0,Watts Up with that,L,CP,L,https://mediabiasfactcheck.com/watts-up-with-that/,,,,https://en.wikipedia.org/wiki/Watts_Up_With_That%3F,0.2,-0.336,en,https://wattsupwiththat.com/,0.1
waynedupree.com,1687643,2016.0,WayneDupree.com,L,FN,L,https://mediabiasfactcheck.com/waynedupree-com/,,,,,0.2,0.0,en,https://www.waynedupree.com/,0.1
westonaprice.org,154116,1999.0,Weston A. Price Foundation,L,CP,L,https://mediabiasfactcheck.com/weston-a-price-foundation/,,,,https://en.wikipedia.org/wiki/Weston_A._Price_Foundation,0.2,0.7,en,https://westonaprice.org/,0.1
wethepeopledaily.com,1380673,2019.0,We The People Daily,L,FN,L,https://mediabiasfactcheck.com/we-the-people-daily/,,,,,0.3,0.0,en,https://wethepeopledaily.com/,0.1
whale.to,690158,,Whale.to,L,CP,L,https://mediabiasfactcheck.com/whale-to/,,,,,0.8,-0.2,en,http://whale.to/,0.1
whydontyoutrythis.com,9166894,2013.0,Why Don't You Try This,L,CP,L,https://mediabiasfactcheck.com/why-dont-you-try-this/,1.0,,,,0.3,-0.433,en,https://www.whydontyoutrythis.com/,0.1
winepressnews.com,734822,2020.0,Wine Press News,L,CP,L,https://mediabiasfactcheck.com/wine-press-news-bias-and-credibility/,,,,https://en.wikipedia.org/wiki/Wine,,,en,https://winepressnews.com/,0.1
wnd.com,37133,1998.0,World Net Daily,L,FN,L,https://mediabiasfactcheck.com/world-net-daily-wnd/,1.0,1.0,1.0,https://en.wikipedia.org/wiki/WorldNetDaily,0.2,-0.573,en,https://www.wnd.com/,0.1
wndnewscenter.org,4464605,2019.0,WND News Center,L,FN,L,https://mediabiasfactcheck.com/wnd-news-center-bias/,,,,,0.3,,en,https://www.wndnewscenter.org/,0.1
worldhealth.net,1494871,2019.0,WorldHealth.Net,L,CP,L,https://mediabiasfactcheck.com/worldhealth-net/,,,,,0.3,0.72,en,https://worldhealth.net/,0.1
worldlifestyle.com,897506,2004.0,World Lifestyle,L,CP,L,https://mediabiasfactcheck.com/world-lifestyle-bias/,,,,,0.7,0.24,en,https://www.worldlifestyle.com/,0.1
worldnewspolitics.com,30000000,2019.0,World News Politics,L,FN,L,https://mediabiasfactcheck.com/world-news-politics/,,,,,0.1,-0.543,en,https://worldnewspolitics.com/,0.1
worldpoliticus.com,30000000,2016.0,World Politicus,L,FN,L,https://mediabiasfactcheck.com/world-politicus/,1.0,,,,0.2,-0.93,id,https://www.worldpoliticus.com/,0.1
worldtribune.com,940560,1998.0,World Tribune,L,FN,L,https://mediabiasfactcheck.com/world-tribune/,,,,,0.4,0.601,en,https://www.worldtribune.com/,0.1
x22report.com,50507,2013.0,X22 Report,L,CP,L,https://mediabiasfactcheck.com/x22-report/,,,,,0.3,-0.592,en,https://x22report.com/,0.1
yaliberty.org,3257665,2018.0,Young Americans for Liberty,L,FN,L,https://mediabiasfactcheck.com/young-americans-for-liberty-bias/,,,,https://en.wikipedia.org/wiki/Young_Americans_for_Liberty,0.3,0.54,en,https://yaliberty.org/,0.1
yesimright.com,13207802,2014.0,Yes I'm Right,L,FN,L,https://mediabiasfactcheck.com/yes-im-right/,1.0,,,,0.2,-1.0,en,https://yesimright.com/,0.1
yournewswire.com,5633141,2014.0,Your News Wire,L,CP,L,https://mediabiasfactcheck.com/your-news-wire/,1.0,,,https://en.wikipedia.org/wiki/NewsPunch,0.2,-0.805,en,https://yournewswire.com/,0.1
zenith.news,30000000,,Zenith News,L,FN,L,https://mediabiasfactcheck.com/zenith-news/,,,,,0.2,0.0,en,https://zenith.news/,0.1
zerohedge.com,2921,2009.0,Zerohedge,L,CP,L,https://mediabiasfactcheck.com/zero-hedge/,,1.0,1.0,https://en.wikipedia.org/wiki/Zero_Hedge,0.3,-0.796,en,https://www.zerohedge.com/,0.1
