url,reddit_mentions,timestamp
https://edition.cnn.com,16,2025-03-01T20:56:22.484846
https://edition.cnn.com,16,2025-03-01T20:56:23.074954
https://edition.cnn.com,16,2025-03-01T21:28:08.366968
https://edition.cnn.com,16,2025-03-01T21:28:08.835209
https://edition.cnn.com/world/africa,0,2025-03-01T21:31:10.136334
https://edition.cnn.com/world/africa,0,2025-03-01T21:31:10.418576
https://edition.cnn.com/,25,2025-03-01T21:32:51.022605
https://edition.cnn.com/,25,2025-03-01T21:32:51.507013
https://edition.cnn.com/,25,2025-03-01T21:33:35.623080
https://edition.cnn.com/,25,2025-03-01T21:33:36.213239
https://edition.cnn.com/,25,2025-03-01T21:37:56.439976
https://edition.cnn.com/,25,2025-03-01T21:37:56.992371
https://edition.cnn.com/,25,2025-03-01T22:18:38.136942
https://edition.cnn.com/,25,2025-03-01T22:18:38.786431
https://edition.cnn.com/,25,2025-03-01T22:20:33.556890
https://edition.cnn.com/,25,2025-03-01T22:20:34.427007
https://edition.cnn.com/,25,2025-03-01T22:35:08.949457
https://edition.cnn.com/,25,2025-03-01T22:35:09.597020
https://edition.cnn.com/,25,2025-03-01T22:39:48.365822
https://edition.cnn.com/,25,2025-03-01T22:40:26.011135
https://edition.cnn.com/,25,2025-03-01T22:40:26.748318
https://edition.cnn.com/,25,2025-03-01T22:44:49.274870
https://edition.cnn.com/,25,2025-03-01T22:44:49.777106
https://edition.cnn.com/,25,2025-03-01T22:49:19.203285
https://edition.cnn.com/,25,2025-03-01T22:49:19.820502
https://edition.cnn.com/,25,2025-03-01T22:51:25.341254
https://edition.cnn.com/,25,2025-03-01T22:51:26.187952
https://edition.cnn.com/,25,2025-03-01T22:53:46.432819
https://edition.cnn.com/,25,2025-03-01T23:05:30.020935
https://edition.cnn.com/,25,2025-03-01T23:06:52.738665
https://edition.cnn.com/,25,2025-03-01T23:06:53.330167
https://www.bbc.com/,22,2025-03-01T23:16:22.550151
https://www.bbc.com/,22,2025-03-01T23:16:23.018256
https://edition.cnn.com/,25,2025-03-01T23:16:53.135522
https://edition.cnn.com/,25,2025-03-01T23:16:53.709796
https://www.bbc.com/,22,2025-03-01T23:19:32.166376
https://www.bbc.com/,22,2025-03-01T23:19:32.628559
https://www.bbc.com/,22,2025-03-01T23:19:40.256481
https://www.bbc.com/,22,2025-03-01T23:19:40.757651
https://www.bbc.com/,22,2025-03-01T23:19:48.163410
https://edition.cnn.com/,25,2025-03-01T23:25:09.676076
https://edition.cnn.com/,25,2025-03-01T23:25:10.262447
https://edition.cnn.com/,25,2025-03-01T23:35:00.919379
https://edition.cnn.com/,25,2025-03-01T23:35:01.743608
https://edition.cnn.com/,25,2025-03-02T00:16:18.439696
https://edition.cnn.com/,25,2025-03-02T00:51:15.272962
https://edition.cnn.com/,25,2025-03-02T00:51:15.724512
https://edition.cnn.com/,25,2025-03-02T00:51:48.195394
https://edition.cnn.com/,25,2025-03-02T00:54:23.394180
https://edition.cnn.com/,25,2025-03-02T00:54:30.189632
https://edition.cnn.com/,25,2025-03-02T00:56:18.522446
https://edition.cnn.com/,25,2025-03-02T00:56:19.022848
https://edition.cnn.com/,25,2025-03-02T00:56:30.540638
https://edition.cnn.com/,25,2025-03-02T00:56:31.025710
https://edition.cnn.com/,25,2025-03-02T00:57:49.298070
https://edition.cnn.com/,25,2025-03-02T00:58:41.430400
https://edition.cnn.com/,25,2025-03-02T00:59:11.397431
https://edition.cnn.com/,25,2025-03-02T00:59:11.888613
https://edition.cnn.com/,25,2025-03-02T00:59:48.109611
https://edition.cnn.com/,25,2025-03-02T00:59:48.541142
https://edition.cnn.com/,25,2025-03-02T00:59:48.710338
https://edition.cnn.com/,25,2025-03-02T00:59:49.346506
https://edition.cnn.com/,25,2025-03-02T00:59:51.096296
https://edition.cnn.com/,25,2025-03-02T01:00:14.475399
https://edition.cnn.com/,25,2025-03-02T01:00:14.791015
https://edition.cnn.com/,25,2025-03-02T01:00:14.856588
https://edition.cnn.com/,25,2025-03-02T01:00:15.561562
https://edition.cnn.com/,25,2025-03-02T01:00:16.602079
https://edition.cnn.com/,25,2025-03-02T01:09:42.945031
https://edition.cnn.com/,25,2025-03-02T01:09:46.433142
