Domain,Site Rank,Year online,Name,Media Bias/Fact Check,MBFC Fact,MBFC Bias,MisinfoMe,Wikipedia,Lang,URL,MBFC cred
avoiceformen.com,603171,2009.0,A Voice for Men,https://mediabiasfactcheck.com/a-voice-for-men/,L,FN,0.8,https://en.wikipedia.org/wiki/A_Voice_for_Men,en,https://avoiceformen.com/,L
renewamerica.com,4429384,1999.0,Renew America,https://mediabiasfactcheck.com/renew-america/,L,FN,-0.1,https://en.wikipedia.org/wiki/Alan_Keyes,en,https://www.renewamerica.com/,L
adflegal.org,235081,2011.0,Alliance Defending Freedom,https://mediabiasfactcheck.com/alliance-defending-freedom/,L,FN,0.0,https://en.wikipedia.org/wiki/Alliance_Defending_Freedom,en,https://adflegal.org/,L
acpeds.org,1438327,2002.0,American College of Pediatricians,https://mediabiasfactcheck.com/american-college-of-pediatricians/,L,FN,0.0,https://en.wikipedia.org/wiki/American_College_of_Pediatricians,en,https://acpeds.org/,L
afa.net,399130,1996.0,American Family Association,https://mediabiasfactcheck.com/american-family-association/,L,FN,-0.7,https://en.wikipedia.org/wiki/American_Family_Association,en,https://afa.net/,L
afn.net,463733,1997.0,American Family News,https://mediabiasfactcheck.com/onenewsnow/,L,FN,,https://en.wikipedia.org/wiki/American_Family_Association,en,https://afn.net/,L
americanfreepress.net,2035491,2001.0,American Free Press,https://mediabiasfactcheck.com/american-free-press/,L,CP,-0.4,https://en.wikipedia.org/wiki/American_Free_Press,en,https://americanfreepress.net/,L
americanprinciplesproject.org,6191419,2009.0,American Principles Project,https://mediabiasfactcheck.com/american-principles-project/,L,FN,-0.2,https://en.wikipedia.org/wiki/American_Principles_Project,en,https://americanprinciplesproject.org/,L
amren.com,81293,1995.0,American Renaissance Magazine,https://mediabiasfactcheck.com/american-renaissance-magazine/,L,FN,-0.1,https://en.wikipedia.org/wiki/American_Renaissance_(magazine),en,https://www.amren.com/,L
tfp.org,311230,1997.0,"American Society for the Defense of Tradition, Family, and Property",https://mediabiasfactcheck.com/american-society-defense-tradition-family-property/,L,FN,0.16,"https://en.wikipedia.org/wiki/American_Society_for_the_Defense_of_Tradition,_Family_and_Property",en,https://www.tfp.org/,L
americanthinker.com,33591,2003.0,American Thinker,https://mediabiasfactcheck.com/american-thinker/,L,FN,-0.7,https://en.wikipedia.org/wiki/American_Thinker,en,https://www.americanthinker.com/,L
medicalmedium.com,117266,2012.0,Medical Medium,https://mediabiasfactcheck.com/medical-medium/,L,CP,0.24,https://en.wikipedia.org/wiki/Anthony_William,en,https://www.medicalmedium.com/,L
aapsonline.org,2188912,1998.0,Association of American Physicians and Surgeons,https://mediabiasfactcheck.com/association-of-american-physicians-and-surgeons-aaps/,L,FN,-0.6,https://en.wikipedia.org/wiki/Association_of_American_Physicians_and_Surgeons,en,https://aapsonline.org/,L
sovren.media,4813249,,Sovren.Media,https://mediabiasfactcheck.com/sovren-media-bias/,L,FN,,https://en.wikipedia.org/wiki/Ben_Swann,en,https://sovren.media/,L
truthinmedia.com,1261089,1999.0,Truth in Media,https://mediabiasfactcheck.com/truth-in-media/,L,FN,0.24,https://en.wikipedia.org/wiki/Ben_Swann,en,https://truthinmedia.com/,L
bigleaguepolitics.com,698302,2016.0,Big League Politics,https://mediabiasfactcheck.com/big-league-politics/,L,FN,-0.9,https://en.wikipedia.org/wiki/Big_League_Politics,en,https://bigleaguepolitics.com/,L
londonreal.tv,198625,2011.0,London Real,https://mediabiasfactcheck.com/london-real-bias/,L,CP,,https://en.wikipedia.org/wiki/Brian_Rose_(podcaster),en,https://londonreal.tv/,L
britainfirst.org,571895,2011.0,Britain First,https://mediabiasfactcheck.com/britain-first/,L,FN,-0.603,https://en.wikipedia.org/wiki/Britain_First,en,https://www.britainfirst.org/,L
childrenshealthdefense.org,89987,2018.0,Children's Health Defense,https://mediabiasfactcheck.com/childrens-health-defense/,L,CP,-0.783,https://en.wikipedia.org/wiki/Children%27s_Health_Defense,en,https://childrenshealthdefense.org/,L
childrenshealthdefense.org/defender,30000000,,The Defender,https://mediabiasfactcheck.com/the-defender-childrens-health-defense-credibility/,L,CP,,https://en.wikipedia.org/wiki/Children%27s_Health_Defense,en,https://childrenshealthdefense.org/defender/,L
christianaction.org,4622541,1999.0,Christian Action Network,https://mediabiasfactcheck.com/christian-action-network/,L,FN,0.0,https://en.wikipedia.org/wiki/Christian_Action_Network,en,https://christianaction.org/,L
carm.org,140149,1997.0,Christian Apologetics & Research Ministry,https://mediabiasfactcheck.com/christian-apologetics-research-ministry-carm/,L,CP,0.46,https://en.wikipedia.org/wiki/Christian_Apologetics_and_Research_Ministry,en,https://carm.org/,L
christianscience.com,141567,1998.0,Christian Science,https://mediabiasfactcheck.com/christian-science/,L,CP,0.24,https://en.wikipedia.org/wiki/Christian_Science,en,https://www.christianscience.com/,L
drnorthrup.com,1312733,1998.0,Dr. Northrup,https://mediabiasfactcheck.com/drnorthrup-com/,L,CP,0.22,https://en.wikipedia.org/wiki/Christiane_Northrup,en,https://www.drnorthrup.com/,L
clarionproject.org,2314503,2012.0,Clarion Project,https://mediabiasfactcheck.com/clarion-project/,L,FN,0.24,https://en.wikipedia.org/wiki/Clarion_Project,en,https://clarionproject.org/,L
cnsnews.com,883031,1998.0,CNS News,https://mediabiasfactcheck.com/cns-news/,L,FN,-0.691,https://en.wikipedia.org/wiki/CNSNews.com,en,https://www.cnsnews.com/,L
coasttocoastam.com,62206,1999.0,Coast to Coast AM,https://mediabiasfactcheck.com/coast-to-coast-am/,L,CP,-0.08,https://en.wikipedia.org/wiki/Coast_to_Coast_AM,en,https://www.coasttocoastam.com/,L
cfact.org,1388330,1997.0,The Committee for a Constructive Tomorrow,https://mediabiasfactcheck.com/committee-constructive-tomorrow-cfact-org/,L,CP,0.2,https://en.wikipedia.org/wiki/Committee_for_a_Constructive_Tomorrow,en,https://www.cfact.org/,L
cei.org,902633,1995.0,Competitive Enterprise Institute,https://mediabiasfactcheck.com/competitive-enterprise-institute/,L,FN,0.28,https://en.wikipedia.org/wiki/Competitive_Enterprise_Institute,en,https://cei.org/,L
concernedwomen.org,4229394,2010.0,Concerned Women for America,https://mediabiasfactcheck.com/concerned-women-america/,L,FN,-0.38,https://en.wikipedia.org/wiki/Concerned_Women_for_America,en,https://concernedwomen.org/,L
conservative-headlines.org,2530273,2016.0,Conservative Headlines,http://mediabiasfactcheck.com/council-of-concerned-citizens/,L,FN,-0.32,https://en.wikipedia.org/wiki/Council_of_Conservative_Citizens,en,https://conservative-headlines.org/,L
isgp-studies.com,1483489,,Institute for the Study of Globalization and Covert Politics,https://mediabiasfactcheck.com/institute-for-the-study-of-globalization-and-covert-politics-isgp-bias-and-credibility/,L,FN,,https://en.wikipedia.org/wiki/Covert_racism,en,https://isgp-studies.com/,L
wallbuilders.com,1051460,1999.0,WallBuilders,https://mediabiasfactcheck.com/wallbuilders/,L,FN,0.48,https://en.wikipedia.org/wiki/David_Barton_(author),en,https://wallbuilders.com/,L
diamondandsilkinc.com,5367187,2015.0,Diamond and Silk,https://mediabiasfactcheck.com/diamondandsilkinc-com-bias/,L,FN,-0.552,https://en.wikipedia.org/wiki/Diamond_and_Silk,en,https://www.diamondandsilkinc.com/,L
discoverthenetworks.org,1615216,2005.0,Discover the Networks,https://mediabiasfactcheck.com/discover-the-networks/,L,FN,0.54,https://en.wikipedia.org/wiki/Discover_the_Networks,en,https://www.discoverthenetworks.org/,L
discovery.org,750864,1995.0,Discovery Institute,https://mediabiasfactcheck.com/discovery-institute/,L,CP,0.12,https://en.wikipedia.org/wiki/Discovery_Institute,en,https://www.discovery.org/,L
donaldjtrump.com,44862,1997.0,Save America,https://mediabiasfactcheck.com/donaldjtrump-com/,L,FN,-0.579,https://en.wikipedia.org/wiki/Donald_Trump,en,https://www.donaldjtrump.com/,L
frc.org,372268,1995.0,Family Research Council,https://mediabiasfactcheck.com/family-research-council/,L,FN,0.2,https://en.wikipedia.org/wiki/Family_Research_Council,en,https://frc.org/,L
fairus.org,549611,1995.0,The Federation for American Immigration Reform,https://mediabiasfactcheck.com/the-federation-for-american-immigration-reform-fair/,L,FN,0.2,https://en.wikipedia.org/wiki/Federation_for_American_Immigration_Reform,en,https://www.fairus.org/,L
dailycitizen.focusonthefamily.com,30000000,,Daily Citizen,https://mediabiasfactcheck.com/daily-citizen-focus-on-the-family/,L,FN,0.68,https://en.wikipedia.org/wiki/Focus_on_the_Family,en,https://dailycitizen.focusonthefamily.com/,L
focusonthefamily.com,28852,1999.0,Focus on the Family,https://mediabiasfactcheck.com/focus-on-the-family/,L,FN,0.7,https://en.wikipedia.org/wiki/Focus_on_the_Family,en,https://www.focusonthefamily.com/,L
covid19criticalcare.com,179520,2020.0,FLCCC Alliance,https://mediabiasfactcheck.com/front-line-covid-19-critical-care-alliance-flccc-bias/,L,CP,-0.56,https://en.wikipedia.org/wiki/Front_Line_COVID-19_Critical_Care_Alliance,en,https://covid19criticalcare.com/,L
frontpagemag.com,123233,1998.0,FrontPage Magazine,https://mediabiasfactcheck.com/frontpage-magazine/,L,FN,-0.7,https://en.wikipedia.org/wiki/FrontPage_Magazine,en,https://www.frontpagemag.com/,L
gaia.com,17638,1992.0,Gaia,https://mediabiasfactcheck.com/gaia/,L,CP,0.0,"https://en.wikipedia.org/wiki/Gaia,_Inc.",en,https://www.gaia.com/,L
gettr.com,35449,2008.0,GETTR,https://mediabiasfactcheck.com/gettr/,L,FN,-0.6,https://en.wikipedia.org/wiki/Gettr,en,https://gettr.com/,L
goop.com,38289,1996.0,Goop,https://mediabiasfactcheck.com/goop/,L,CP,0.6,https://en.wikipedia.org/wiki/Goop_(company),en,https://goop.com/,L
gnews.org,208659,2012.0,G News,https://mediabiasfactcheck.com/gnews/,L,FN,-0.6,https://en.wikipedia.org/wiki/Guo_Wengui#G_News,en,https://gnews.org/,L
heartland.org,1329877,1994.0,Heartland Institute,https://mediabiasfactcheck.com/heartland-institute/,L,FN,-0.3,https://en.wikipedia.org/wiki/Heartland_Institute,en,https://heartland.org/,L
hli.org,903804,1995.0,Human Life International,https://mediabiasfactcheck.com/human-life-international-bias/,L,FN,0.2,https://en.wikipedia.org/wiki/Human_Life_International,en,https://www.hli.org/,L
idahofreedom.org,1925346,,Idaho Freedom Foundation,https://mediabiasfactcheck.com/idaho-freedom-foundation-bias/,L,FN,,https://en.wikipedia.org/wiki/Idaho_Freedom_Foundation,en,https://idahofreedom.org/,L
idahotribune.org,10143653,2021.0,Idaho Tribune,https://mediabiasfactcheck.com/idaho-tribune-bias/,L,FN,,https://en.wikipedia.org/wiki/Idaho_Freedom_Foundation,en,https://www.idahotribune.org/,L
icandecide.org,962340,2016.0,Informed Consent Action Network,https://mediabiasfactcheck.com/ican-informed-consent-action-network-bias/,L,CP,,https://en.wikipedia.org/wiki/Informed_Consent_Action_Network,en,https://www.icandecide.org/,L
kunstler.com,263202,1997.0,Kunstler.com,https://mediabiasfactcheck.com/kunstler-com-bias/,L,,0.72,https://en.wikipedia.org/wiki/James_Howard_Kunstler,en,https://kunstler.com/,L
survivalblog.com,417598,2005.0,SurvivalBlog.com,https://mediabiasfactcheck.com/survivalblog-com/,L,FN,0.78,https://en.wikipedia.org/wiki/James_Wesley_Rawles,en,https://survivalblog.com/,L
beckernews.com,196351,2020.0,Becker News,https://mediabiasfactcheck.com/becker-news/,L,FN,-1.0,https://en.wikipedia.org/wiki/Jason_Becker,en,https://beckernews.com/,L
jw.org,140,1999.0,Jehovah's Witnesses,https://mediabiasfactcheck.com/jehovahs-witnesses-jw-org/,L,CP,0.76,https://en.wikipedia.org/wiki/Jehovah%27s_Witnesses,en,https://jw.org/,L
ruthinstitute.org,4503666,2015.0,Ruth Institute,https://mediabiasfactcheck.com/ruth-institute/,L,FN,0.017,https://en.wikipedia.org/wiki/Jennifer_Roback_Morse,en,https://ruthinstitute.org/,L
joeforamerica.com,30000000,2012.0,Joe for America,https://mediabiasfactcheck.com/joe-for-america/,L,FN,-0.516,https://en.wikipedia.org/wiki/Joe_the_Plumber,en,https://joeforamerica.com/,L
jbs.org,1733000,1996.0,John Birch Society,https://mediabiasfactcheck.com/john-birch-society-bias/,L,FN,0.16,https://en.wikipedia.org/wiki/John_Birch_Society,en,https://jbs.org/,L
mercola.com,25179,1997.0,Mercola,https://mediabiasfactcheck.com/mercola/,L,CP,0.0,https://en.wikipedia.org/wiki/Joseph_Mercola,en,https://www.mercola.com/,L
judicialwatch.org,86372,1997.0,Judicial Watch,https://mediabiasfactcheck.com/judicial-watch/,L,FN,0.233,https://en.wikipedia.org/wiki/Judicial_Watch,en,https://www.judicialwatch.org/,L
libertyhangout.org,2954022,2015.0,Liberty Hangout,https://mediabiasfactcheck.com/liberty-hangout/,L,FN,0.0,https://en.wikipedia.org/wiki/Kaitlin_Bennett,en,https://libertyhangout.org/,L
kiwifarms.net,21592,2016.0,Kiwi Farms,https://mediabiasfactcheck.com/fake-news/,L,FN,0.26,https://en.wikipedia.org/wiki/Kiwi_Farms,en,https://kiwifarms.net/,L
lewrockwell.com,64277,1999.0,Lew Rockwell,https://mediabiasfactcheck.com/lew-rockwell/,L,FN,0.103,https://en.wikipedia.org/wiki/Lew_Rockwell,en,https://www.lewrockwell.com/,L
lc.org,1047540,1996.0,Liberty Counsel,https://mediabiasfactcheck.com/liberty-counsel-bias/,L,FN,0.18,https://en.wikipedia.org/wiki/Liberty_Counsel,en,https://lc.org/,L
beforeitsnews.com,21898,2007.0,Before It's News,https://mediabiasfactcheck.com/before-its-news/,L,FN,-0.8,https://en.wikipedia.org/wiki/List_of_fake_news_websites,en,https://beforeitsnews.com/,L
dcgazette.com,14433360,2014.0,DC Gazette,https://mediabiasfactcheck.com/dc-gazette/,L,FN,-0.891,https://en.wikipedia.org/wiki/List_of_fake_news_websites,en,https://dcgazette.com/,L
empireherald.com,30000000,2016.0,Empire Herald,https://mediabiasfactcheck.com/empire-herald/,L,FN,-1.0,https://en.wikipedia.org/wiki/List_of_fake_news_websites,en,https://empireherald.com/,L
neonnettle.com,2294780,2013.0,Neon Nettle,https://mediabiasfactcheck.com/neon-nettle/,L,CP,-0.938,https://en.wikipedia.org/wiki/List_of_fake_news_websites,en,https://neonnettle.com/,L
newsexaminer.net,7219248,2014.0,NewsExaminer.net,https://mediabiasfactcheck.com/newsexaminer-net/,L,FN,-0.769,https://en.wikipedia.org/wiki/List_of_fake_news_websites,en,https://newsexaminer.net/,L
mrctv.org/cnsnews,30000000,,CNS News,https://mediabiasfactcheck.com/cns-news/,L,FN,,https://en.wikipedia.org/wiki/Media_Research_Center,en,https://www.mrctv.org/cnsnews/,L
en.metapedia.org,30000000,,Metapedia,https://mediabiasfactcheck.com/metapedia/,L,FN,-0.4,https://en.wikipedia.org/wiki/Metapedia,en,https://en.metapedia.org/,L
globalresearch.ca,76818,2001.0,Global Research,https://mediabiasfactcheck.com/global-research/,L,CP,-0.8,https://en.wikipedia.org/wiki/Michel_Chossudovsky#Centre_for_Research_on_Globalization,en,https://www.globalresearch.ca/,L
meforum.org,263509,2000.0,Middle East Forum,https://mediabiasfactcheck.com/middle-east-forum/,L,FN,0.64,https://en.wikipedia.org/wiki/Middle_East_Forum,en,https://www.meforum.org/,L
mintpressnews.com,300353,,Mint Press News,https://mediabiasfactcheck.com/mint-press-news/,L,FN,0.47,https://en.wikipedia.org/wiki/MintPress_News,en,https://mintpressnews.com/,L
politichicks.com,7534457,2009.0,PolitiChicks,https://mediabiasfactcheck.com/politichicks/,L,FN,0.0,https://en.wikipedia.org/wiki/Morgan_Brittany,en,https://politichicks.com/,L
nationalenquirer.com,367758,1996.0,National Enquirer,https://mediabiasfactcheck.com/national-enquirer/,L,FN,-0.675,https://en.wikipedia.org/wiki/National_Enquirer,en,https://www.nationalenquirer.com/,L
nrlc.org,1594911,1995.0,National Right to Life Committee,https://mediabiasfactcheck.com/national-right-to-life-committee-nrlc/,L,FN,0.72,https://en.wikipedia.org/wiki/National_Right_to_Life_Committee,en,https://www.nrlc.org/,L
nvic.org,2253845,2003.0,National Vaccine Information Institute,https://mediabiasfactcheck.com/national-vaccine-information-center-nvic/,L,CP,-0.32,https://en.wikipedia.org/wiki/National_Vaccine_Information_Center,en,https://www.nvic.org/,L
evil.news,6264961,2015.0,Evil.News,https://mediabiasfactcheck.com/evil-news/,L,FN,0.0,https://en.wikipedia.org/wiki/Natural_News,en,https://evil.news/,L
hoggwatch.com,30000000,2018.0,Hogg Watch,https://mediabiasfactcheck.com/hogg-watch/,L,FN,0.0,https://en.wikipedia.org/wiki/Natural_News,en,https://hoggwatch.com/,L
medicine.news,4813103,2015.0,Medicine News,https://mediabiasfactcheck.com/medicine-news/,L,CP,0.0,https://en.wikipedia.org/wiki/Natural_News,en,https://medicine.news/,L
newstarget.com,517178,1996.0,News Target,https://mediabiasfactcheck.com/news-target/,L,CP,-0.848,https://en.wikipedia.org/wiki/Natural_News,en,https://newstarget.com/,L
trump.news,1793877,2015.0,Trump.news,https://mediabiasfactcheck.com/trump-news/,L,FN,0.22,https://en.wikipedia.org/wiki/Natural_News,en,https://trump.news/,L
journal-neo.org,3258540,2013.0,New Eastern Outlook,https://mediabiasfactcheck.com/neo-new-eastern-outlook/,L,FN,-0.249,https://en.wikipedia.org/wiki/New_Eastern_Outlook,en,https://journal-neo.org/,L
newsmax.com,2366,,Newsmax,https://mediabiasfactcheck.com/newsmax/,L,FN,0.035,https://en.wikipedia.org/wiki/Newsmax,en,https://newsmax.com/,L
yournewswire.com,5633141,2014.0,Your News Wire,https://mediabiasfactcheck.com/your-news-wire/,L,CP,-0.805,https://en.wikipedia.org/wiki/NewsPunch,en,https://yournewswire.com/,L
oathkeepers.org,8084109,2009.0,Oath Keepers,https://mediabiasfactcheck.com/oath-keepers/,L,FN,-0.4,https://en.wikipedia.org/wiki/Oath_Keepers,en,https://oathkeepers.org/,L
occupydemocrats.com,171829,2012.0,Occupy Democrats,https://mediabiasfactcheck.com/occupy-democrats/,L,FN,-0.2,https://en.wikipedia.org/wiki/Occupy_Democrats,en,https://occupydemocrats.com/,L
oann.com,32786,2004.0,One America News Network,https://mediabiasfactcheck.com/one-america-news-network/,L,FN,-0.4,https://en.wikipedia.org/wiki/One_America_News_Network,en,https://www.oann.com/,L
organicconsumers.org,779389,1998.0,Organic Consumers Association,https://mediabiasfactcheck.com/organic-consumers-association/,L,CP,-0.1,https://en.wikipedia.org/wiki/Organic_Consumers_Association,en,https://www.organicconsumers.org/,L
gellerreport.com,179772,2016.0,Geller Report,https://mediabiasfactcheck.com/geller-report/,L,FN,-1.0,https://en.wikipedia.org/wiki/Pamela_Geller,en,https://gellerreport.com/,L
parler.com,491410,1998.0,Parler,https://mediabiasfactcheck.com/parler/,L,FN,-0.7,https://en.wikipedia.org/wiki/Parler,en,https://parler.com/,L
patribotics.blog,12791520,,Patribotics Blog,https://mediabiasfactcheck.com/patribotics-blog/,L,FN,-0.7,https://en.wikipedia.org/wiki/Patribotics,en,https://patribotics.blog/,L
navarroreport.com,30000000,2020.0,The Navarro Report,https://mediabiasfactcheck.com/navarro-report/,L,FN,0.0,https://en.wikipedia.org/wiki/Peter_Navarro,en,https://navarroreport.com/,L
pop.org,1716594,1996.0,Population Research Institute,https://mediabiasfactcheck.com/population-research-institute/,L,FN,0.2,https://en.wikipedia.org/wiki/Population_Research_Institute,en,https://www.pop.org/,L
prageru.com,30049,2008.0,PragerU,https://mediabiasfactcheck.com/prageru/,L,FN,-0.724,https://en.wikipedia.org/wiki/PragerU,en,https://www.prageru.com/,L
presstv.com,1347609,2002.0,Press TV,https://mediabiasfactcheck.com/press-tv/,L,FN,-0.266,https://en.wikipedia.org/wiki/Press_TV,en,https://www.presstv.com/,L
prntly.com,30000000,2014.0,Prntly,https://mediabiasfactcheck.com/prntly/,L,FN,-0.9,https://en.wikipedia.org/wiki/Prntly,en,https://prntly.com/,L
redice.tv,238331,2014.0,Red Ice TV,https://mediabiasfactcheck.com/red-ice-tv/,L,FN,-0.884,https://en.wikipedia.org/wiki/Red_Ice,en,https://redice.tv/,L
ria.ru,405,2000.0,RIA Novosti,https://mediabiasfactcheck.com/ria-novosti-bias/,L,FN,0.685,https://en.wikipedia.org/wiki/RIA_Novosti,ru,https://ria.ru/,L
trunews.com,253170,2003.0,TruNews,https://mediabiasfactcheck.com/trunews/,L,CP,0.28,https://en.wikipedia.org/wiki/Rick_Wiles,en,https://www.trunews.com/,L
rinf.com,30000000,2003.0,RINF,https://mediabiasfactcheck.com/rinf/,L,FN,0.065,https://en.wikipedia.org/wiki/RINF,en,https://rinf.com/alt-news/,L
ronpaulinstitute.org,770652,,The Ron Paul Institute,https://mediabiasfactcheck.com/the-ron-paul-institute/,L,FN,0.023,https://en.wikipedia.org/wiki/Ron_Paul,en,https://ronpaulinstitute.org/,L
unz.com,38911,1997.0,The Unz Review,https://mediabiasfactcheck.com/the-unz-report/,L,FN,-0.288,https://en.wikipedia.org/wiki/Ron_Unz,en,https://www.unz.com/,L
rumble.com,328,1998.0,Rumble,https://mediabiasfactcheck.com/rumble/,L,FN,-0.799,https://en.wikipedia.org/wiki/Rumble_(website),en,https://rumble.com/,L
russia-insider.com,2709927,2014.0,Russia Insider,https://mediabiasfactcheck.com/russia-insider/,L,FN,-0.877,https://en.wikipedia.org/wiki/Russia_Insider,en,https://russia-insider.com/en,L
hannity.com,100621,1998.0,Sean Hannity,https://mediabiasfactcheck.com/hannity-com/,L,FN,-0.1,https://en.wikipedia.org/wiki/Sean_Hannity,en,https://hannity.com/,L
freedomainradio.com,993602,2006.0,Freedomain Radio,https://mediabiasfactcheck.com/freedomain-radio/,L,CP,-0.3,https://en.wikipedia.org/wiki/Stefan_Molyneux,en,https://www.freedomainradio.com/,L
swarajyamag.com,37521,2014.0,Swarajya,https://mediabiasfactcheck.com/swarajya/,L,FN,-0.802,https://en.wikipedia.org/wiki/Swarajya_(magazine),en,https://swarajyamag.com/,L
takimag.com,143355,2007.0,Taki's Magazine,https://mediabiasfactcheck.com/takis-magazine/,L,FN,-0.315,https://en.wikipedia.org/wiki/Taki%27s_Magazine,en,https://www.takimag.com/,L
remnantnewspaper.com,398168,2014.0,The Remnant Newspaper,https://mediabiasfactcheck.com/the-remnant-magazine/,L,FN,0.34,https://en.wikipedia.org/wiki/The_Remnant_(newspaper),en,https://remnantnewspaper.com/web/index.php,L
tpusa.com,349524,2002.0,Turning Point USA,https://mediabiasfactcheck.com/turning-point-usa/,L,FN,-0.44,https://en.wikipedia.org/wiki/Turning_Point_USA,en,https://www.tpusa.com/,L
vdare.com,257067,1999.0,Vdare,https://mediabiasfactcheck.com/vdare/,L,FN,-0.467,https://en.wikipedia.org/wiki/VDARE,en,https://vdare.com/,L
infogalactic.com,183380,2016.0,InfoGalactic,https://mediabiasfactcheck.com/infogalactic/,L,FN,0.0,https://en.wikipedia.org/wiki/Vox_Day,en,https://infogalactic.com/info/Main_Page,L
shoebat.com,1462294,2004.0,Shoebat,https://mediabiasfactcheck.com/shoebat/,L,CP,-0.798,https://en.wikipedia.org/wiki/Walid_Shoebat,en,https://shoebat.com/,L
wattsupwiththat.com,147089,2007.0,Watts Up with that,https://mediabiasfactcheck.com/watts-up-with-that/,L,CP,-0.336,https://en.wikipedia.org/wiki/Watts_Up_With_That%3F,en,https://wattsupwiththat.com/,L
westonaprice.org,154116,1999.0,Weston A. Price Foundation,https://mediabiasfactcheck.com/weston-a-price-foundation/,L,CP,0.7,https://en.wikipedia.org/wiki/Weston_A._Price_Foundation,en,https://westonaprice.org/,L
dailymail.co.uk,133,1995.0,Daily Mail,https://mediabiasfactcheck.com/daily-mail/,L,FN,-0.064,https://en.wikipedia.org/wiki/Wikipedia:Reliable_sources/Perennial_sources,en,https://www.dailymail.co.uk/ushome/index.html,L
thepublicdiscourse.com,330759,2008.0,Witherspoon Institute,https://mediabiasfactcheck.com/witherspoon-institute/,L,FN,0.26,https://en.wikipedia.org/wiki/Witherspoon_Institute,en,https://www.thepublicdiscourse.com/,L
wnd.com,37133,1998.0,World Net Daily,https://mediabiasfactcheck.com/world-net-daily-wnd/,L,FN,-0.573,https://en.wikipedia.org/wiki/WorldNetDaily,en,https://www.wnd.com/,L
larouchepac.com,3772643,2004.0,LaRouche PAC,https://mediabiasfactcheck.com/larouche-pac/,L,CP,0.42,https://en.wikipedia.org/wiki/Worldwide_LaRouche_Youth_Movement#LaRouche_PAC,en,https://larouchepac.com/,L
yaliberty.org,3257665,2018.0,Young Americans for Liberty,https://mediabiasfactcheck.com/young-americans-for-liberty-bias/,L,FN,0.54,https://en.wikipedia.org/wiki/Young_Americans_for_Liberty,en,https://yaliberty.org/,L
zerohedge.com,2921,2009.0,Zerohedge,https://mediabiasfactcheck.com/zero-hedge/,L,CP,-0.796,https://en.wikipedia.org/wiki/Zero_Hedge,en,https://www.zerohedge.com/,L
100percentfedup.com,72284,2012.0,100 Percent Fed Up,https://mediabiasfactcheck.com/100-percent-fed-up/,L,FN,-0.9,,en,https://100percentfedup.com/,L
10news.one,30000000,2017.0,10News.one,https://mediabiasfactcheck.com/10news-one/,L,FN,0.0,,en,https://www.10news.one/,L
12minutos.com,276039,2008.0,12minutos.com,https://mediabiasfactcheck.com/12minutos-com/,L,FN,-1.0,,es,https://www.12minutos.com/,L
24jours.com,1162979,2017.0,24jours.com,https://mediabiasfactcheck.com/24jours-com/,L,FN,0.3,,fr,https://www.24jours.com/,L
911truth.org,2467443,2003.0,911Truth.org,https://mediabiasfactcheck.com/911truth-org/,L,CP,0.4,,en,https://911truth.org/,L
aattp.org,6395547,2011.0,Americans Against the Tea Party,https://mediabiasfactcheck.com/americans-against-the-tea-party-aattp/,L,FN,-0.4,,en,https://aattp.org/,L
abovetopsecret.com,77396,1997.0,Above Top Secret,https://mediabiasfactcheck.com/above-top-secret/,L,CP,0.2,,en,https://www.abovetopsecret.com/,L
acallforanuprising.com,369828,2015.0,A Call for an Uprising,https://mediabiasfactcheck.com/a-call-for-an-uprising/,L,CP,-0.6,,en,https://www.acallforanuprising.com/,L
activistpost.com,314413,2010.0,Activist Post,https://mediabiasfactcheck.com/activist-post/,L,CP,-0.8,,en,https://www.activistpost.com/,L
aflegal.org,380165,2021.0,America First Legal,https://mediabiasfactcheck.com/america-first-legal-afl-bias-and-credibility/,L,FN,0.0,,en,https://aflegal.org/,L
allnewspipeline.com,361207,2014.0,All News Pipeline,https://mediabiasfactcheck.com/all-news-pipeline/,L,FN,-0.8,,en,https://allnewspipeline.com/,L
alphanews.org,234148,2018.0,Alpha News,https://mediabiasfactcheck.com/alpha-news/,L,FN,,,en,https://alphanews.org/,L
alphanewsmn.com,30000000,2015.0,Alpha News,https://mediabiasfactcheck.com/alpha-news/,L,FN,0.0,,en,https://alphanewsmn.com/,L
alternativenews.com,30000000,1996.0,AlternativeNews.com,https://mediabiasfactcheck.com/alternativenews-com/,L,CP,0.2,,en,https://alternativenews.com/,L
althealthworks.com,3730193,2012.0,AltHealth Works,https://mediabiasfactcheck.com/althealth-works/,L,CP,0.6,,en,https://althealthworks.com/,L
altrighttv.com,4219250,2016.0,Alt-Right TV,https://mediabiasfactcheck.com/alt-right-tv/,L,FN,-0.1,,en,https://altrighttv.com/,L
americanconservativemovement.com,30000000,2016.0,American Conservative Movement,https://mediabiasfactcheck.com/american-conservative-movement-acm/,L,FN,-0.6,,en,https://americanconservativemovement.com/,L
americanjournalreview.com,30000000,2015.0,American Journal Review,https://mediabiasfactcheck.com/american-journal-review/,L,FN,0.0,,en,https://americanjournalreview.com/,L
americanlibertyemail.com,30000000,2018.0,American Liberty Report,https://mediabiasfactcheck.com/american-liberty-report/,L,FN,-0.6,,en,https://www.americanlibertyemail.com/,L
americanlookout.com,5688281,2016.0,American Lookout,https://mediabiasfactcheck.com/american-lookout/,L,FN,0.2,,en,https://americanlookout.com/,L
americanpartisan.org,1443596,2018.0,American Partisan,https://mediabiasfactcheck.com/american-partisan-bias/,L,FN,,,en,https://www.americanpartisan.org/,L
americanpatriotdaily.com,571075,2015.0,American Patriot Daily,https://mediabiasfactcheck.com/american-patriot-daily/,L,FN,-0.1,,en,https://www.americanpatriotdaily.com/,L
americanpeopledaily.com,30000000,2017.0,American People Daily,https://mediabiasfactcheck.com/american-people-daily/,L,FN,0.0,,en,https://americanpeopledaily.com/,L
americanpolicy.org,17764146,1997.0,American Policy Center,https://mediabiasfactcheck.com/american-policy-center/,L,CP,0.2,,en,https://americanpolicy.org/,L
americantruthtoday.com,30000000,2019.0,American Truth Today,https://mediabiasfactcheck.com/american-truth-today/,L,FN,0.6,,en,https://americantruthtoday.com/,L
americaoutloud.com,5730832,2015.0,America Out Loud,https://mediabiasfactcheck.com/america-out-loud/,L,FN,,,en,https://www.americaoutloud.com/,L
americasfreedomfighters.com,886960,2013.0,Americas Freedom Fighters,https://mediabiasfactcheck.com/american-freedom-fighters/,L,FN,-0.8,,en,https://americasfreedomfighters.com/,L
americasfrontlinedoctors.org,158696,2020.0,America's Frontline Doctors,https://mediabiasfactcheck.com/americas-frontline-doctors/,L,CP,-0.7,,en,https://americasfrontlinedoctors.org/,L
amtvmedia.com,30000000,2012.0,Alternative Media Television,https://mediabiasfactcheck.com/alternative-media-television-amtv/,L,CP,0.2,,en,https://www.amtvmedia.com/,L
anonymouswire.com,18340528,2022.0,Anonymous Wire,https://mediabiasfactcheck.com/anonymous-wire-bias/,L,FN,,,en,https://anonymouswire.com/,L
assassinationscience.com,6574230,1998.0,Assassination Science,https://mediabiasfactcheck.com/assassination-science/,L,CP,-0.5,,en,https://assassinationscience.com/,L
australiannationalreview.com,6267509,2014.0,Australian National Review,https://mediabiasfactcheck.com/australian-national-review/,L,CP,0.0,,en,https://australiannationalreview.com/,L
australiaoneparty.com,3184311,2019.0,AustraliaOne,https://mediabiasfactcheck.com/australiaone-bias/,L,FN,,,en,https://www.australiaoneparty.com/,L
awarenessact.com,383428,2012.0,Awareness Act,https://mediabiasfactcheck.com/awareness-act/,L,CP,-0.9,,en,https://awarenessact.com/,L
barenakedislam.com,403299,2008.0,Bare Naked Islam,https://mediabiasfactcheck.com/bare-naked-islam/,L,FN,-0.9,,en,https://barenakedislam.com/,L
bb4sp.com,30000000,2015.0,BB4SP,https://mediabiasfactcheck.com/bb4sp/,L,FN,-0.9,,en,https://bb4sp.com/,L
bipartisanreport.com,420861,2012.0,Bipartisan Report,https://mediabiasfactcheck.com/bipartisan-report/,L,FN,-0.1,,en,https://bipartisanreport.com/,L
blackeyepolitics.com,1470326,2018.0,Black Eye Politics,https://mediabiasfactcheck.com/black-eye-politics-bias-credibility-rating/,L,FN,0.0,,en,https://blackeyepolitics.com/,L
blackgenocide.org,9062568,2001.0,Black Genocide,https://mediabiasfactcheck.com/black-genocide/,L,FN,-0.7,,en,https://blackgenocide.org/,L
blingnews.com,30000000,2016.0,Blingnews.com,https://mediabiasfactcheck.com/blingnews-com/,L,FN,-0.2,,en,https://www.blingnews.com/,L
bluntforcetruth.com,7956946,2014.0,Blunt Force Truth,https://mediabiasfactcheck.com/blunt-force-truth/,L,FN,-0.8,,en,https://bluntforcetruth.com/,L
bonsens.info,1640446,2014.0,BonSens,https://mediabiasfactcheck.com/bonsens/,L,CP,-0.6,,fr,https://bonsens.info/,L
borderlandalternativemedia.com,30000000,2019.0,Borderland Alternative Media,https://mediabiasfactcheck.com/borderland-alternative-media-bam/,L,FN,-0.6,,en,https://borderlandalternativemedia.com/,L
breakingchristiannews.com,975216,2004.0,Breaking Christian News,https://mediabiasfactcheck.com/breaking-christian-news/,L,FN,0.3,,en,https://breakingchristiannews.com/,L
breakingfirst.com,30000000,2015.0,Breaking First,https://mediabiasfactcheck.com/breaking-first/,L,FN,0.0,,en,https://breakingfirst.com/,L
breakingnews247.net,3073849,2016.0,Breakingnews247.net,https://mediabiasfactcheck.com/breakingnews247-net/,L,FN,-0.8,,en,http://www.breakingnews247.net/,L
canadafreepress.com,395329,2002.0,Canada Free Press,https://mediabiasfactcheck.com/canada-free-press/,L,FN,-0.62,,en,https://canadafreepress.com/,L
censored.news,340508,2015.0,Censored.news,https://mediabiasfactcheck.com/censored-news/,L,FN,-0.6,,en,https://censored.news/,L
centralfloridapost.com,5373061,2016.0,Central Florida Post,https://mediabiasfactcheck.com/central-florida-post-bias/,L,FN,,,en,https://centralfloridapost.com/,L
clashdaily.com,997112,2012.0,Clash Daily,https://mediabiasfactcheck.com/clash-daily/,L,FN,-0.847,,en,https://clashdaily.com/,L
climatechangedispatch.com,1936184,2010.0,Climate Change Dispatch,https://mediabiasfactcheck.com/climate-change-dispatch/,L,CP,-0.08,,en,https://climatechangedispatch.com/,L
climatism.blog,30000000,,Climatism,https://mediabiasfactcheck.com/climatism/,L,CP,0.0,,en,https://climatism.blog/,L
cloverchronicle.com,18362284,2018.0,Clover Chronicle,https://mediabiasfactcheck.com/clover-chronicle-bias-credibility-fake-news/,L,FN,0.0,,en,https://cloverchronicle.com/,L
collective-evolution.com,1397936,2009.0,Collective Evolution,https://mediabiasfactcheck.com/collective-evolution/,L,CP,-0.55,,en,https://www.collective-evolution.com/,L
conservativeammo.com,30000000,2016.0,Conservative Ammo,https://mediabiasfactcheck.com/conservative-ammo/,L,FN,0.0,,en,https://conservativeammo.com/,L
conservativedailypost.com,6058115,2016.0,Conservative Daily Post,https://mediabiasfactcheck.com/conservative-daily-post/,L,FN,-0.989,,en,https://conservativedailypost.com/,L
conservativefreepress.com,627131,2015.0,Conservative Free Press,https://mediabiasfactcheck.com/conservative-free-press/,L,FN,0.0,,en,https://www.conservativefreepress.com/,L
conservativeglobe.com,744969,2019.0,For the Right News,https://mediabiasfactcheck.com/for-the-right-news/,L,FN,,,en,https://www.conservativeglobe.com/,L
conservativeplaylist.com,3781667,2020.0,Conservative Playlist,https://mediabiasfactcheck.com/conservative-playlist/,L,FN,-0.587,,en,https://conservativeplaylist.com/,L
conservativepost.com,17360862,2013.0,Conservative Post,https://mediabiasfactcheck.com/conservative-post/,L,FN,-0.761,,en,https://conservativepost.com/,L
conservativerevival.com,30000000,2010.0,Conservative Revival,https://mediabiasfactcheck.com/conservative-revival-bias/,L,FN,,,en,https://conservativerevival.com/,L
conspiracyplanet.com,5303532,2000.0,Conspiracy Planet,https://mediabiasfactcheck.com/conspiracy-planet/,L,CP,-0.59,,en,https://www.conspiracyplanet.com/,L
corbettreport.com,149819,2007.0,The Corbett Report,https://mediabiasfactcheck.com/the-corbett-report/,L,CP,-0.919,,en,https://www.corbettreport.com/,L
corona-transition.org,16717139,2020.0,Corona Transition,https://mediabiasfactcheck.com/corona-transition/,L,FN,0.383,,de,https://corona-transition.org/,L
cosmicintelligenceagency.com,6612900,2005.0,Cosmic Intelligence Agency,https://mediabiasfactcheck.com/cosmic-intelligence-agency/,L,CP,0.0,,en,https://cosmicintelligenceagency.com/,L
creation.com,113483,1995.0,Christian Ministries International,https://mediabiasfactcheck.com/christian-ministries-international/,L,CP,0.22,,en,https://creation.com/,L
creationwiki.org,1324754,2005.0,CreationWiki,https://mediabiasfactcheck.com/creationwiki/,L,CP,0.027,,en,https://creationwiki.org/,L
csglobe.com,8044806,2013.0,CS Globe,https://mediabiasfactcheck.com/cs-globe/,L,CP,-0.867,,en,https://csglobe.com/,L
culturewars.com,757458,1997.0,Culture Wars Magazine,https://mediabiasfactcheck.com/culture-wars-magazine-bias/,L,CP,,,en,https://culturewars.com/,L
curiousmindmagazine.com,448398,2015.0,Curious Mind Magazine,https://mediabiasfactcheck.com/curious-mind-magazine/,L,CP,0.0,,en,https://curiousmindmagazine.com/,L
dagospia.com,1873,2016.0,Dagospia,https://mediabiasfactcheck.com/dagospia-bias/,L,FN,0.66,,it,https://www.dagospia.com/,L
dailyheadlines.net,3119572,2014.0,Daily Headlines,https://mediabiasfactcheck.com/daily-headlines/,L,FN,-1.0,,en,https://dailyheadlines.net/,L
dailyhealthpost.com,1464061,2012.0,DailyHealthPost,https://mediabiasfactcheck.com/dailyhealthpost/,L,CP,-0.711,,en,https://dailyhealthpost.com/,L
dailyinsidernews.com,30000000,2015.0,Daily Insider News,https://mediabiasfactcheck.com/daily-insider-news/,L,FN,-0.6,,en,https://dailyinsidernews.com/,L
dailyoccupation.com,30000000,2016.0,Daily Occupation,https://mediabiasfactcheck.com/daily-occupation/,L,CP,-1.0,,en,https://dailyoccupation.com/,L
dailypoliticalnewswire.com,457198,2016.0,Daily Political Newswire,https://mediabiasfactcheck.com/daily-political-newswire/,L,FN,0.0,,en,https://dailypoliticalnewswire.com/,L
dailysurge.com,20862688,2006.0,Daily Surge,https://mediabiasfactcheck.com/daily-surge/,L,FN,-1.0,,en,https://dailysurge.com/,L
darkjournalist.com,2759695,2011.0,Dark Journalist,https://mediabiasfactcheck.com/dark-journalist/,L,CP,0.0,,en,https://darkjournalist.com/,L
dataasylum.com,30000000,2000.0,Data Asylum,https://mediabiasfactcheck.com/data-asylum/,L,CP,-1.0,,en,https://www.dataasylum.com/,L
davidharrisjr.com,9208469,2016.0,David Harris Jr,https://mediabiasfactcheck.com/davidharrisjr-com/,L,FN,-1.0,,en,https://davidharrisjr.com/,L
dcclothesline.com,2133885,2013.0,The DC Clothesline,https://mediabiasfactcheck.com/the-d-c-clothesline/,L,FN,-0.617,,en,https://www.dcclothesline.com/,L
debunkingskeptics.com,16185552,2009.0,Debunking Skeptics,https://mediabiasfactcheck.com/scepcop-debunking-skeptics/,L,CP,-0.608,,en,https://www.debunkingskeptics.com/,L
deepstatejournal.com,30000000,2018.0,Deep State Journal,https://mediabiasfactcheck.com/deep-state-journal-bias/,L,FN,0.0,,en,https://deepstatejournal.com/,L
defconnews.com,1795014,2018.0,Def-Con News,https://mediabiasfactcheck.com/def-con-news-bias/,L,FN,-0.6,,en,https://defconnews.com/,L
defiantamerica.com,1265407,2016.0,Defiant America,https://mediabiasfactcheck.com/defiant-america/,L,FN,0.0,,en,https://defiantamerica.com/,L
deplorablekel.com,6358321,2017.0,Deplorable Kel,https://mediabiasfactcheck.com/deplorable-kel/,L,FN,0.0,,en,https://deplorablekel.com/,L
digifection.com,919051,2016.0,The Times of America,https://mediabiasfactcheck.com/the-times-of-america/,L,FN,-0.98,,en,https://www.digifection.com/,L
djhjmedia.com,4452859,2019.0,BitChute,https://mediabiasfactcheck.com/djhj-media/,L,FN,-0.796,,en,https://djhjmedia.com/,L
draxe.com,27243,2003.0,Dr. Axe,https://mediabiasfactcheck.com/dr-axe/,L,CP,0.053,,en,https://draxe.com/,L
earthpulse.com,13040309,1996.0,Earthpulse Press,https://mediabiasfactcheck.com/earthpulse-press/,L,CP,0.2,,en,https://earthpulse.com/,L
electroverse.net,6125160,2019.0,Electroverse,https://mediabiasfactcheck.com/electroverse/,L,CP,0.0,,en,https://electroverse.net/,L
endthefed.org,12561973,2015.0,End the Fed,https://mediabiasfactcheck.com/end-the-fed/,L,FN,0.0,,en,https://endthefed.org/,L
escapeallthesethings.com,2966708,2004.0,Escape all these Things,https://mediabiasfactcheck.com/escape-all-these-things/,L,CP,0.4,,en,https://escapeallthesethings.com/,L
europereloaded.com,1204489,2016.0,Europe Reloaded,https://mediabiasfactcheck.com/europe-reloaded/,L,CP,,,en,https://www.europereloaded.com/,L
eutimes.net,1179643,2009.0,The European Union Times,https://mediabiasfactcheck.com/the-european-union-times/,L,CP,-0.1,,en,https://eutimes.net/,L
everylegalvote.com,30000000,2020.0,Every Legal Vote,https://mediabiasfactcheck.com/every-legal-vote/,L,FN,0.0,,en,https://everylegalvote.com/,L
evolutionnews.org,260560,2004.0,Evolution News and Views,https://mediabiasfactcheck.com/evolution-news-and-views/,L,CP,0.1,,en,https://evolutionnews.org/,L
ex.24smi.info,30000000,,Агрегатор 24СМИ,https://mediabiasfactcheck.com/агрегатор-24сми-bias/,L,FN,0.2,,ru,https://ex.24smi.info/top/,L
exopolitics.org,424458,2003.0,Exopolitics,https://mediabiasfactcheck.com/exopolitics-bias/,L,CP,0.2,,en,https://exopolitics.org/,L
fellowshipoftheminds.com,7489463,2013.0,Fellowship of the Minds,https://mediabiasfactcheck.com/fellowship-of-the-minds/,L,CP,-0.9,,en,https://fellowshipoftheminds.com/,L
foreverconscious.com,198955,2013.0,Forever Conscious,https://mediabiasfactcheck.com/forever-conscious/,L,CP,0.3,,en,https://foreverconscious.com/,L
fortherightnews.com,30000000,2017.0,For the Right News,https://mediabiasfactcheck.com/for-the-right-news/,L,FN,0.0,,en,https://www.fortherightnews.com/,L
free-speechfront.info,30000000,2019.0,Free-Speech Front,https://mediabiasfactcheck.com/free-speech-front/,L,FN,-0.6,,en,http://www.free-speechfront.info/,L
freedomadvocates.org,30000000,2006.0,Freedom Advocates,https://mediabiasfactcheck.com/freedom-advocates-agenda-21/,L,CP,0.0,,en,https://www.freedomadvocates.org/,L
freedomdaily.com,16038355,2013.0,Freedom Daily,https://mediabiasfactcheck.com/freedom-daily/,L,FN,-1.0,,en,https://www.freedomdaily.com/,L
freedomfirstnetwork.com,1467024,2020.0,Freedom First Network,https://mediabiasfactcheck.com/freedom-first-network/,L,FN,-0.6,,en,https://freedomfirstnetwork.com/,L
freedomproject.com,2093813,2002.0,FreedomProject Media,https://mediabiasfactcheck.com/freedomproject-media/,L,FN,0.1,,en,https://freedomproject.com/,L
friatider.se,29609,2009.0,Fria Tider,https://mediabiasfactcheck.com/fria-tider-free-times/,L,FN,-0.8,,sv,https://www.friatider.se/,L
fromthetrenchesworldreport.com,3427355,2010.0,From the Trenches World Report,https://mediabiasfactcheck.com/from-the-trenches-world-report/,L,CP,-0.5,,en,https://fromthetrenchesworldreport.com/,L
geoengineeringwatch.org,477619,2009.0,GeoEngineering Watch,https://mediabiasfactcheck.com/geoengineering-watch/,L,CP,-0.6,,en,https://www.geoengineeringwatch.org/,L
geopol.institute,30000000,2020.0,Geopolitical Studies Institute,https://mediabiasfactcheck.com/national-policy-institute/,L,FN,0.0,,en,https://geopol.institute/,L
getholistichealth.com,20689087,2003.0,Get Holistic Health,https://mediabiasfactcheck.com/get-holistic-health/,L,CP,-0.9,,en,https://www.getholistichealth.com/,L
girlsjustwannahaveguns.com,30000000,2010.0,Girls Just Wanna Have Guns,https://mediabiasfactcheck.com/girls-just-wanna-have-guns/,L,FN,-0.6,,en,https://girlsjustwannahaveguns.com/,L
globalinfotoday.com,30000000,2016.0,Global Info Today,https://mediabiasfactcheck.com/global-info-today/,L,FN,0.0,,en,https://globalinfotoday.com/,L
globalpoliticsnow.com,30000000,2018.0,Global Politics Now,https://mediabiasfactcheck.com/global-politics-now/,L,FN,-0.7,,en,https://globalpoliticsnow.com/,L
globalskywatch.com,3651810,2009.0,Global Skywatch,https://mediabiasfactcheck.com/global-skywatch/,L,CP,0.0,,en,https://globalskywatch.com/,L
godandscience.org,3388852,1999.0,Evidence for God from Science,https://mediabiasfactcheck.com/evidence-for-god-from-science/,L,CP,0.7,,en,https://godandscience.org/,L
godlikeproductions.com,20721,2000.0,Godlike Productions,https://mediabiasfactcheck.com/godlike-productions/,L,CP,-0.7,,en,https://www.godlikeproductions.com/,L
gotquestions.org,3228,2002.0,Got Questions,https://mediabiasfactcheck.com/got-questions-gotquestions-org/,L,CP,0.8,,en,https://www.gotquestions.org/,L
govtslaves.com,20790216,2008.0,Government Slaves,https://mediabiasfactcheck.com/government-slaves/,L,CP,0.0,,en,https://govtslaves.com/,L
greatamericandaily.com,1089380,2016.0,Great American Daily,https://mediabiasfactcheck.com/great-american-daily/,L,FN,0.0,,en,https://greatamericandaily.com/,L
greatamericanrepublic.com,30000000,2016.0,Great American Republic,https://mediabiasfactcheck.com/allen-west-republic/,L,FN,0.0,,en,https://greatamericanrepublic.com/,L
greenmedinfo.com,394286,2009.0,GreenMedInfo,https://mediabiasfactcheck.com/greenmedinfo/,L,CP,-0.6,,en,https://www.greenmedinfo.com/,L
gulagbound.com,20587440,2010.0,Gulag Bound,https://mediabiasfactcheck.com/gulag-bound/,L,CP,-0.3,,en,https://gulagbound.com/,L
haarp.net,30000000,1999.0,HAARP,https://mediabiasfactcheck.com/haarp-net/,L,CP,-0.6,,en,https://haarp.net/,L
hagmannreport.com,7342518,2015.0,Hagmann Report,https://mediabiasfactcheck.com/the-hagmann-report/,L,FN,0.2,,en,https://www.hagmannreport.com/,L
hangthebankers.com,15884125,2012.0,Hang The Bankers,https://mediabiasfactcheck.com/hang-the-bankers/,L,FN,-0.8,,en,https://hangthebankers.com/,L
healthy-holistic-living.com,386237,2006.0,Healthy Holistic Living,https://mediabiasfactcheck.com/healthy-holistic-living/,L,CP,-0.9,,en,https://www.healthy-holistic-living.com/,L
healthyfoodhouse.com,1971487,2012.0,Healthy Food House,https://mediabiasfactcheck.com/healthy-food-house/,L,CP,-0.3,,en,https://www.healthyfoodhouse.com/,L
hereistheevidence.com,3010473,2020.0,Here Is the Evidence,https://mediabiasfactcheck.com/here-is-the-evidence/,L,FN,0.0,,en,https://hereistheevidence.com/,L
hsionline.com,1072580,2009.0,Health Sciences Institute,https://mediabiasfactcheck.com/health-sciences-institute/,L,CP,0.0,,en,https://hsionline.com/,L
humansarefree.com,15117591,2010.0,Humans are Free,https://mediabiasfactcheck.com/humans-are-free/,L,CP,-0.6,,en,https://humansarefree.com/,L
iceagenow.info,5125422,2011.0,Ice Age Now,https://mediabiasfactcheck.com/ice-age-now/,L,CP,0.2,,en,https://www.iceagenow.info/,L
ifapray.org,325449,2002.0,Intercessors for America,https://mediabiasfactcheck.com/intercessors-for-america-ifa-bias/,L,FN,-0.2,,en,https://ifapray.org/,L
ihatethemedia.com,7845022,2006.0,I Hate the Media,https://mediabiasfactcheck.com/i-hate-the-media/,L,FN,0.5,,en,https://www.ihatethemedia.com/,L
ihealthtube.com,9310496,2007.0,iHealthtube.com,https://mediabiasfactcheck.com/ihealthtube/,L,CP,0.4,,en,https://ihealthtube.com/,L
illicitinfo.com,10849311,2018.0,Illicit Info,https://mediabiasfactcheck.com/illicit-info/,L,FN,0.0,,en,https://illicitinfo.com/,L
illuminati-news.com,3108547,2000.0,Illuminati News,https://mediabiasfactcheck.com/illuminati-news/,L,CP,-0.865,,en,http://illuminati-news.com/,L
illuminatiwatcher.com,1676892,2012.0,Illuminati Watcher,https://mediabiasfactcheck.com/illuminati-watcher/,L,CP,-0.889,,en,https://illuminatiwatcher.com/,L
independentminute.com,1736864,2017.0,Independent Minute,https://mediabiasfactcheck.com/independent-minute-bias/,L,FN,,,en,https://independentminute.com/,L
informationliberation.com,354966,2004.0,Information Liberation,https://mediabiasfactcheck.com/information-liberation/,L,FN,-0.851,,en,https://www.informationliberation.com/,L
inforos.ru,7484694,2000.0,InfoRos.ru,https://mediabiasfactcheck.com/inforos/,L,FN,0.2,,ru,https://inforos.ru/,L
intellihub.com,30000000,2001.0,Intellihub,https://mediabiasfactcheck.com/intellihub/,L,CP,-0.656,,en,https://www.intellihub.com/,L
iowaclimate.org,30000000,2016.0,Iowa Climate Science Education,https://mediabiasfactcheck.com/iowa-climate-science-education/,L,CP,0.0,,en,https://iowaclimate.org/,L
israelislamandendtimes.com,30000000,2013.0,"Israel, Islam and End Times",https://mediabiasfactcheck.com/israel-islam-end-times/,L,CP,0.0,,en,https://www.israelislamandendtimes.com/,L
jedanews.com,331934,2019.0,Jeda News,https://mediabiasfactcheck.com/jeda-news/,L,CP,,,it,https://www.jedanews.com/,L
jesusdaily.com,6637596,2001.0,Jesus Daily,https://mediabiasfactcheck.com/jesus-daily/,L,CP,0.6,,en,https://www.jesusdaily.com/,L
junkscience.com,2730955,1996.0,JunkScience.com,https://mediabiasfactcheck.com/junkscience-com/,L,CP,0.34,,en,https://junkscience.com/,L
katehon.com,608644,2014.0,Katehon,https://mediabiasfactcheck.com/katehon-bias/,L,FN,-0.272,,ru,https://katehon.com/,L
knowledgeoftoday.org,20969678,2011.0,Knowledge of Today,https://mediabiasfactcheck.com/knowledge-of-today/,L,CP,-0.468,,en,https://www.knowledgeoftoday.org/,L
leftaction.com,11242268,2010.0,Left Action,https://mediabiasfactcheck.com/left-action/,L,FN,0.48,,en,https://leftaction.com/,L
leftexposed.org,30000000,2014.0,Left Exposed,https://mediabiasfactcheck.com/left-exposed/,L,FN,0.0,,en,https://leftexposed.org/,L
libertybell.com,30000000,2003.0,Liberty Bell,https://mediabiasfactcheck.com/liberty-bell/,L,FN,-0.28,,en,https://www.libertybell.com/,L
libertynews.com,14212617,,Liberty News,https://mediabiasfactcheck.com/liberty-news/,L,FN,-0.052,,en,https://libertynews.com/,L
libertyvideos.org,30000000,2006.0,Liberty Videos,https://mediabiasfactcheck.com/liberty-videos/,L,CP,-0.667,,en,https://libertyvideos.org/,L
lifenews.com,246336,2001.0,Life News,https://mediabiasfactcheck.com/life-news/,L,FN,-0.727,,en,https://www.lifenews.com/,L
lifesitenews.com,30537,2002.0,Life Site News,https://mediabiasfactcheck.com/life-site-news/,L,FN,-0.162,,en,https://www.lifesitenews.com/,L
lifespa.com,441770,1997.0,LifeSpa,https://mediabiasfactcheck.com/lifespa/,L,CP,0.0,,en,https://lifespa.com/,L
londonwebnews.com,30000000,2017.0,London Web News,https://mediabiasfactcheck.com/london-web-news/,L,FN,0.0,,en,https://londonwebnews.com/,L
loonwatch.com,4826849,2009.0,LoonWatch,https://mediabiasfactcheck.com/loonwatch/,L,FN,0.0,,en,https://www.loonwatch.com/,L
macroevolution.net,1041513,,Macroevolution.net,https://mediabiasfactcheck.com/macroevolution-net-bias-and-credibility/,L,CP,0.82,,en,https://macroevolution.net/,L
madworldnews.com,3051534,2013.0,Mad World News,https://mediabiasfactcheck.com/mad-world-news/,L,FN,-0.69,,en,https://madworldnews.com/,L
magapac.com,3945741,2019.0,Make America Great Again,https://mediabiasfactcheck.com/make-america-great-again-inc-maga-inc-bias/,L,FN,,,en,https://www.magapac.com/,L
mainstreamfakemedia.com,5506651,2017.0,Mainstream Fake Media,https://mediabiasfactcheck.com/mainstream-fake-media-bias/,L,FN,-0.6,,en,https://mainstreamfakemedia.com/,L
merica1st.com,30000000,2017.0,National Conservative,http://mediabiasfactcheck.com/council-of-concerned-citizens/,L,FN,-0.6,,en,https://merica1st.com/,L
micdroppolitics.com,931356,2020.0,Mic Drop Politics,https://mediabiasfactcheck.com/mic-drop-politics-bias/,L,FN,,,en,https://www.micdroppolitics.com/,L
mixi.media,157639,2018.0,Mixi.Media,https://mediabiasfactcheck.com/mixi-media/,L,FN,0.0,,en,https://mixi.media/,L
moonbattery.com,884299,2004.0,MoonBattery,https://mediabiasfactcheck.com/moonbattery/,L,FN,0.64,,en,https://moonbattery.com/,L
moonofalabama.org,49559,2004.0,Moon of Alabama,https://mediabiasfactcheck.com/moon-of-alabama/,L,FN,-0.047,,en,https://moonofalabama.org/,L
morningpoll.com,30000000,2019.0,Morning Poll,https://mediabiasfactcheck.com/morning-poll-bias/,L,FN,,,en,https://morningpoll.com/,L
mtonews.com,217342,2014.0,MTO News,https://mediabiasfactcheck.com/mto-news-bias/,L,FN,0.6,,en,https://mtonews.com/,L
mynewsguru.com,30000000,2017.0,The News Guru,https://mediabiasfactcheck.com/the-news-guru/,L,FN,-0.6,,en,https://mynewsguru.com/,L
myrightamerica.com,30000000,2016.0,My Right American,https://mediabiasfactcheck.com/my-right-american/,L,FN,0.0,,en,https://myrightamerica.com/,L
nationaleconomicseditorial.com,30000000,2016.0,National Economics Editorial,https://mediabiasfactcheck.com/national-economics-editorial/,L,FN,0.2,,en,https://nationaleconomicseditorial.com/,L
nationalfile.com,585169,2019.0,National File,https://mediabiasfactcheck.com/national-file/,L,CP,-0.68,,en,https://nationalfile.com/,L
nationalinsiders.com,975569,2012.0,National Insiders,https://mediabiasfactcheck.com/national-insiders-bias/,L,FN,-0.6,,en,https://nationalinsiders.com/,L
nationalrighttolifenews.org,4085755,2010.0,NRL News Today,https://mediabiasfactcheck.com/nrl-news-today/,L,FN,0.54,,en,https://www.nationalrighttolifenews.org/,L
nationandstate.com,10191828,2018.0,Nation and State,https://mediabiasfactcheck.com/nation-and-state-bias/,L,FN,0.0,,en,https://www.nationandstate.com/,L
naturalhealth365.com,482255,2010.0,Natural Health 365,https://mediabiasfactcheck.com/natural-health-365/,L,CP,-0.006,,en,https://www.naturalhealth365.com/,L
needtoknow.news,950848,2015.0,Need to Know,https://mediabiasfactcheck.com/need-to-know/,L,CP,0.0,,en,https://needtoknow.news/,L
newamericannews.com,30000000,2016.0,New American News,https://mediabiasfactcheck.com/new-american-news/,L,CP,0.0,,en,https://newamericannews.com/,L
newsaddicts.com,394858,2023.0,News Addicts,https://mediabiasfactcheck.com/news-addicts-bias/,L,FN,,,en,https://newsaddicts.com/,L
newsfeedhunter.com,30000000,2018.0,News Feed Hunter,https://mediabiasfactcheck.com/news-feed-hunter/,L,FN,-0.952,,en,https://newsfeedhunter.com/,L
newsglobal.com,954393,2009.0,News Global,https://mediabiasfactcheck.com/news-global-bias/,L,FN,0.0,,en,https://newsglobal.com/,L
newsheist.com,30000000,2014.0,News Heist,https://mediabiasfactcheck.com/news-heist/,L,FN,0.0,,en,https://newsheist.com/,L
newshourfirst.com,1016955,2020.0,News Hour First,https://mediabiasfactcheck.com/news-hour-first/,L,FN,-0.6,,en,https://newshourfirst.com/,L
newsinsideout.com,7702261,2014.0,News Inside Out,https://mediabiasfactcheck.com/newsinsideout-com/,L,CP,0.0,,en,https://newsinsideout.com/,L
newspushed.com,30000000,2020.0,News Pushed,https://mediabiasfactcheck.com/news-pushed/,L,FN,0.0,,en,https://newspushed.com/,L
newswars.com,765595,2009.0,NewsWars,https://mediabiasfactcheck.com/newswars/,L,FN,-1.0,,en,https://www.newswars.com/,L
newswithviews.com,451277,2001.0,News with Views,https://mediabiasfactcheck.com/news-with-views/,L,FN,-0.077,,en,https://newswithviews.com/,L
nextnewsnetwork.com,465836,2012.0,Next News Network,https://mediabiasfactcheck.com/next-news-network/,L,FN,0.0,,en,https://nextnewsnetwork.com/,L
nmws.us,30000000,2019.0,NMWS.us,https://mediabiasfactcheck.com/nmws-us/,L,FN,-0.6,,en,https://nmws.us/,L
noqreport.com,5899628,2017.0,NOQ Report,https://mediabiasfactcheck.com/noq-report/,L,FN,-0.583,,en,https://noqreport.com/,L
notallowedto.com,1383075,2014.0,Not Allowed to,https://mediabiasfactcheck.com/not-allowed-to/,L,FN,-0.923,,en,https://notallowedto.com/,L
notrickszone.com,1111766,2010.0,NoTricksZone,https://mediabiasfactcheck.com/notrickszone/,L,CP,-0.756,,en,https://notrickszone.com/,L
nowtheendbegins.com,272158,2015.0,Now The End Begins,https://mediabiasfactcheck.com/now-the-end-begins/,L,CP,-0.66,,en,https://www.nowtheendbegins.com/,L
other98.com,2925152,2010.0,The Other 98%,https://mediabiasfactcheck.com/the-other-98/,L,FN,-0.1,,en,https://other98.com/,L
ourhealthguides.com,30000000,2018.0,Our Health Guides,https://mediabiasfactcheck.com/our-health-guides/,L,CP,-0.6,,en,https://ourhealthguides.com/,L
outragedpatriot.com,5529212,2019.0,Outraged Patriot,https://mediabiasfactcheck.com/outraged-patriot/,L,FN,0.0,,en,https://outragedpatriot.com/,L
oye.news,5316756,2016.0,OYE News,https://mediabiasfactcheck.com/oye-news/,L,CP,0.0,,en,https://oye.news/,L
pacificpundit.com,3065573,2012.0,Pacific Pundit,https://mediabiasfactcheck.com/pacific-pundit/,L,FN,0.0,,en,https://www.pacificpundit.com/,L
pakalertpress.com,7122175,2009.0,Pak Alert Press,https://mediabiasfactcheck.com/pak-alert-press/,L,CP,-0.6,,en,https://www.pakalertpress.com/,L
pantsonfirenews.com,233197,2019.0,Pants on Fire News,https://mediabiasfactcheck.com/pants-on-fire-news/,L,FN,0.0,,en,https://pantsonfirenews.com/,L
patriotfetch.com,805976,2021.0,Patriot Fetch,https://mediabiasfactcheck.com/patriot-fetch-bias/,L,FN,0.6,,en,https://patriotfetch.com/,L
patriotfires.com,30000000,2016.0,Patriot Fires,https://mediabiasfactcheck.com/patriot-fires/,L,FN,0.0,,en,https://patriotfires.com/,L
patrioticpost.com,535567,2020.0,Patriotic Post,https://mediabiasfactcheck.com/patriotic-post-bias/,L,FN,0.0,,en,https://patrioticpost.com/,L
patrioticviralnews.com,363148,2016.0,Patriotic Viral News,https://mediabiasfactcheck.com/patriotic-viral-news/,L,FN,0.0,,en,https://www.patrioticviralnews.com/,L
pcmustdie.com,30000000,2019.0,PC Must Die News,https://mediabiasfactcheck.com/pc-must-die-news/,L,FN,0.0,,en,https://pcmustdie.com/,L
personalinterpretation.com,30000000,2020.0,Personal Interpretation,https://mediabiasfactcheck.com/personal-interpretation/,L,FN,-0.6,,en,https://www.personalinterpretation.com/,L
personalliberty.com,9863787,2003.0,Personal Liberty,https://mediabiasfactcheck.com/personal-liberty/,L,FN,0.54,,en,https://personalliberty.com/,L
political-discussion.com,30000000,2017.0,PoliticalDiscussion,https://mediabiasfactcheck.com/politicaldiscussion/,L,FN,-0.6,,en,http://www.political-discussion.com/,L
politicalmayhem.news,30000000,,Political Mayhem News,https://mediabiasfactcheck.com/political-mayhem-news/,L,FN,-0.6,,en,https://politicalmayhem.news/,L
politicsonline.net,30000000,2019.0,PoliticsOnline.Net,https://mediabiasfactcheck.com/free-speech-time/,L,FN,-1.0,,en,http://www.politicsonline.net/,L
politifact.news,30000000,,Poltifact News,https://mediabiasfactcheck.com/politifact-news/,L,FN,0.0,,en,https://politifact.news/,L
populist.press,30000000,2020.0,Populist Press,https://mediabiasfactcheck.com/populist-press/,L,FN,-0.103,,en,https://populist.press/,L
populistpress.com,809859,2015.0,Populist Press,https://mediabiasfactcheck.com/populist-press/,L,FN,0.6,,en,https://populistpress.com/,L
powderedwigsociety.com,30000000,2013.0,Powdered Wig Society,https://mediabiasfactcheck.com/powdered-wig-society/,L,FN,0.0,,en,https://powderedwigsociety.com/,L
prepareforchange.net,145867,2013.0,Prepare for Change,https://mediabiasfactcheck.com/prepare-for-change/,L,CP,0.22,,en,https://prepareforchange.net/,L
presidentialhill.com,780544,2020.0,Presidential Hill,https://mediabiasfactcheck.com/presidential-hill-bias/,L,FN,0.0,,en,https://presidentialhill.com/,L
principia-scientific.com,2021941,2019.0,Principia Scientific,https://mediabiasfactcheck.com/principia-scientific-international/,L,CP,-0.04,,en,https://principia-scientific.com/,L
principia-scientific.org,3890880,2010.0,Principia Scientific International,https://mediabiasfactcheck.com/principia-scientific-international/,L,CP,0.14,,en,https://principia-scientific.org/,L
profam.org,13491153,1997.0,International Organization for the Family,https://mediabiasfactcheck.com/international-organization-for-the-family-iof/,L,FN,0.0,,en,https://profam.org/,L
progressivestoday.com,30000000,2014.0,Progressives Today,https://mediabiasfactcheck.com/progressives-today/,L,FN,-0.298,,en,https://progressivestoday.com/,L
prophecynewswatch.com,174430,2002.0,Prophecy News Watch,https://mediabiasfactcheck.com/prophecy-news-watch/,L,CP,0.48,,en,http://prophecynewswatch.com/,L
prophecytoday.com,5857374,1998.0,Prophecy Today,https://mediabiasfactcheck.com/prophecy-today/,L,CP,0.24,,en,https://prophecytoday.com/,L
protrumpnews.com,100961,2019.0,Pro Trump News,https://mediabiasfactcheck.com/pro-trump-news/,L,FN,0.6,,en,https://protrumpnews.com/,L
rairfoundation.com,494093,2016.0,RAIR Foundation USA,https://mediabiasfactcheck.com/rair-foundation-usa/,L,FN,0.6,,en,https://rairfoundation.com/,L
rapturenewsnetwork.com,30000000,2016.0,Rapture News Network,https://mediabiasfactcheck.com/rapture-news-network/,L,CP,0.0,,en,https://www.rapturenewsnetwork.com/,L
realclimatescience.com,1166659,2015.0,Real Climate Science,https://mediabiasfactcheck.com/real-climate-science/,L,CP,-0.817,,en,https://realclimatescience.com/,L
realconservativesunite.com,30000000,2016.0,Real Conservatives Unite,https://mediabiasfactcheck.com/real-conservatives-unite/,L,FN,,,en,https://realconservativesunite.com/,L
realfarmacy.com,6686158,2013.0,REALfarmacy.com,https://mediabiasfactcheck.com/realfarmacy/,L,CP,-0.557,,en,https://realfarmacy.com/,L
realnews24.com,17344997,2011.0,Real News 24,https://mediabiasfactcheck.com/real-news-24/,L,CP,0.22,,en,http://www.realnews24.com/,L
redstatenation.com,1288737,2017.0,Red State Nation,https://mediabiasfactcheck.com/red-state-nation-bias/,L,FN,,,en,https://redstatenation.com/,L
redstatewatcher.com,896401,2015.0,Red State Watcher,https://mediabiasfactcheck.com/red-state-watcher/,L,FN,-0.96,,en,http://redstatewatcher.com/,L
redvoicemedia.com,390752,2020.0,Red Voice Media,https://mediabiasfactcheck.com/red-voice-media/,L,FN,-0.577,,en,https://www.redvoicemedia.com/,L
redwhiteandright.com,30000000,2016.0,"Red, White and Right",https://mediabiasfactcheck.com/red-white-and-right/,L,FN,0.0,,en,https://redwhiteandright.com/,L
reformedmedia.net,30000000,2011.0,Reformed Media,https://mediabiasfactcheck.com/reformed-media-bias/,L,FN,-0.6,,en,https://reformedmedia.net/,L
researchantisemitism.ca,30000000,2017.0,Center for Research of Radicalism and National Security,https://mediabiasfactcheck.com/centre-for-research-of-radicalism-and-national-security-crrns/,L,FN,0.0,,en,http://researchantisemitism.ca/,L
returnofkings.com,1035080,2012.0,Return of Kings,https://mediabiasfactcheck.com/return-of-kings/,L,FN,0.037,,en,https://www.returnofkings.com/,L
returntonow.net,889459,2019.0,Return to Now,https://mediabiasfactcheck.com/return-to-now/,L,CP,0.0,,en,https://returntonow.net/,L
revolutionradio.org,8984273,2003.0,Revolution Radio,https://mediabiasfactcheck.com/revolution-radio/,L,CP,-0.817,,en,http://revolutionradio.org/,L
righterway.com,30000000,2017.0,Righter Way,https://mediabiasfactcheck.com/righter-way/,L,FN,0.0,,en,https://righterway.com/,L
rightsidenews.com,4468774,2007.0,Right Side News,https://mediabiasfactcheck.com/right-side-news/,L,FN,0.74,,en,https://rightsidenews.com/,L
rightwing.news,30000000,2018.0,Right Wing News,https://mediabiasfactcheck.com/right-wing-news-rightwing-news/,L,FN,0.0,,en,https://rightwing.news/,L
rightwingnews.com,1543219,2000.0,Right Side News,https://mediabiasfactcheck.com/right-wing-news/,L,FN,0.213,,en,https://rightwingnews.com/,L
rightwingtribune.com,20175376,2015.0,Right Wing Tribune,https://mediabiasfactcheck.com/right-wing-tribune/,L,FN,-1.0,,en,https://rightwingtribune.com/,L
roguereview.net,14629295,2019.0,Rogue Review,https://mediabiasfactcheck.com/rogue-review-bias/,L,FN,,,en,https://www.roguereview.net/,L
rsbnetwork.com,278110,2016.0,Right Side Broascasting Network,https://mediabiasfactcheck.com/right-side-broadcasting-network-rsbn/,L,FN,-0.28,,en,https://rsbnetwork.com/,L
sanevax.org,20818802,2010.0,SaneVax,https://mediabiasfactcheck.com/sanevax/,L,CP,-0.32,,en,https://sanevax.org/,L
santeplusmag.com,46348,2014.0,Sante Plus Magazine,https://mediabiasfactcheck.com/sante-plus-magazine/,L,CP,-0.838,,fr,https://www.santeplusmag.com/,L
savethemales.ca,1717282,2001.0,Henry Makow,https://mediabiasfactcheck.com/henry-makow-savethemales-ca/,L,CP,0.4,,en,https://www.savethemales.ca/,L
secondamendmentdaily.com,30000000,2017.0,2nd Amendment Daily News,https://mediabiasfactcheck.com/2nd-amendment-daily-news/,L,FN,0.0,,en,https://www.secondamendmentdaily.com/,L
sgtreport.com,362541,2010.0,SGT Report,https://mediabiasfactcheck.com/sgt-report/,L,CP,0.3,,en,https://www.sgtreport.com/,L
sheepkillers.com,30000000,2008.0,Sheep Killers,https://mediabiasfactcheck.com/sheep-killers/,L,CP,-1.0,,en,http://sheepkillers.com/,L
shtfplan.com,629213,2009.0,SHTFplan.com,https://mediabiasfactcheck.com/shtfplan-com/,L,FN,-0.318,,en,https://www.shtfplan.com/,L
smobserved.com,231933,2011.0,Santa Monica Observer,https://mediabiasfactcheck.com/santa-monica-observer/,L,FN,0.0,,en,https://www.smobserved.com/,L
sonsoflibertymedia.com,1196364,2011.0,Sons of Liberty Media,https://mediabiasfactcheck.com/sons-liberty-media/,L,FN,,,en,https://sonsoflibertymedia.com/,L
sott.net,110721,2004.0,Signs of the Times,https://mediabiasfactcheck.com/signs-of-the-times-sott/,L,CP,-0.799,,en,https://www.sott.net/,L
southfront.org,490876,2015.0,South Front,https://mediabiasfactcheck.com/south-front/,L,CP,0.14,,en,https://southfront.org/,L
speech-point.com,30000000,2018.0,Speech Point,https://mediabiasfactcheck.com/speech-point/,L,FN,-0.6,,en,http://www.speech-point.com/,L
speisa.com,30000000,2013.0,Speisa,https://mediabiasfactcheck.com/speisa/,L,FN,-0.579,,ja,https://speisa.com/,L
squawker.org,13664321,2017.0,Squawker,https://mediabiasfactcheck.com/squawker/,L,FN,0.0,,en,https://squawker.org/,L
staresattheworld.com,9523055,2009.0,Stares at the World,https://mediabiasfactcheck.com/stares-at-the-world/,L,FN,0.0,,en,https://www.staresattheworld.com/,L
stateofthenation.co,310373,2014.0,State of the Nation,https://mediabiasfactcheck.com/state-of-the-union-2012/,L,FN,0.0,,en,https://stateofthenation.co/,L
stateofthenation2012.com,3192631,2012.0,State of the Nation 2012,https://mediabiasfactcheck.com/state-of-the-union-2012/,L,FN,-0.93,,en,https://stateofthenation2012.com/,L
stillnessinthestorm.com,528461,2015.0,Stillness in the Storm,https://mediabiasfactcheck.com/stillness-in-the-storm/,L,CP,0.0,,en,https://stillnessinthestorm.com/,L
stonecoldtruth.com,30000000,2015.0,Stone Cold Truth,https://mediabiasfactcheck.com/stone-cold-truth/,L,FN,0.2,,en,https://stonecoldtruth.com/,L
stormcloudsgathering.com,8695439,2012.0,Storm Clouds Gathering,https://mediabiasfactcheck.com/storm-clouds-gathering/,L,CP,-0.439,,en,https://stormcloudsgathering.com/,L
subjectpolitics.com,30000000,2012.0,Subject Politics,https://mediabiasfactcheck.com/subject-politics/,L,FN,-0.844,,en,https://subjectpolitics.com/,L
summit.news,204125,2018.0,Summit News,https://mediabiasfactcheck.com/summit-news/,L,FN,-0.898,,en,https://summit.news/,L
supportisraelnow.com,30000000,2015.0,Support Israel Now,https://mediabiasfactcheck.com/support-israel-now/,L,FN,-0.6,,en,https://www.supportisraelnow.com/,L
survivethenews.com,2999815,2020.0,Survive The News,https://mediabiasfactcheck.com/survive-the-news-bias/,L,FN,,,en,https://www.survivethenews.com/,L
sustainablepulse.com,3673220,2012.0,Sustainable Pulse,https://mediabiasfactcheck.com/sustainable-pulse/,L,CP,0.34,,en,https://sustainablepulse.com/,L
swampdrain.com,6787790,2016.0,SwampDrain.com,https://mediabiasfactcheck.com/swampdrain-com/,L,FN,0.0,,en,https://swampdrain.com/,L
syrianews.cc,6417033,2011.0,Syria News,http://mediabiasfactcheck.com/syria-news/,L,FN,0.0,,en,https://www.syrianews.cc/,L
tashnews.com,30000000,2016.0,TashNews,https://mediabiasfactcheck.com/tashnews/,L,FN,-0.6,,en,https://tashnews.com/,L
tdtalliance.com,30000000,2015.0,TDT Alliance,https://mediabiasfactcheck.com/tdtalliance-com/,L,FN,-0.65,,en,https://www.tdtalliance.com/,L
teaparty.org,1952813,2004.0,Tea Party,https://mediabiasfactcheck.com/tea-party-inc/,L,FN,-0.72,,en,https://www.teaparty.org/,L
thealternativedaily.com,52508,2011.0,Alternative Daily,https://mediabiasfactcheck.com/alternative-daily-bias/,L,CP,-0.3,,en,https://www.thealternativedaily.com/,L
theamericanmirror.com,11541637,2014.0,The American Mirror,https://mediabiasfactcheck.com/the-american-mirror/,L,FN,-0.862,,en,https://www.theamericanmirror.com/,L
theautomaticearth.com,833676,2008.0,The Automatic Earth,https://mediabiasfactcheck.com/the-automatic-earth/,L,CP,-0.464,,en,https://www.theautomaticearth.com/,L
thebeardedpatriot.com,858687,2013.0,The Bearded Patriot,https://mediabiasfactcheck.com/the-bearded-patriot/,L,FN,0.0,,en,https://thebeardedpatriot.com/,L
thebluestateconservative.com,14836488,2020.0,The Blue State Conservative,https://mediabiasfactcheck.com/the-blue-state-conservative-bias/,L,FN,,,en,https://thebluestateconservative.com/,L
thebreakingnews.com,30000000,1999.0,The Breaking News,https://mediabiasfactcheck.com/thebreakingnews/,L,FN,0.2,,en,https://thebreakingnews.com/,L
thecoloradoherald.com,30000000,2020.0,The Colorado Herald,https://mediabiasfactcheck.com/the-colorado-herald/,L,FN,-0.6,,en,https://thecoloradoherald.com/,L
theconservativecentral.com,30000000,2017.0,The Conservative Central,https://mediabiasfactcheck.com/the-conservative-central/,L,FN,0.0,,en,https://theconservativecentral.com/,L
theconservativetreehouse.com,48562,2011.0,The Last Refuge,https://mediabiasfactcheck.com/the-last-refuge/,L,FN,-0.791,,en,https://theconservativetreehouse.com/,L
thedailybell.com,2008987,2008.0,The Daily Bell,https://mediabiasfactcheck.com/the-daily-bell/,L,FN,0.46,,en,https://www.thedailybell.com/,L
thedailyconspiracy.com,30000000,2017.0,The Daily Conspiracy,https://mediabiasfactcheck.com/the-daily-conspiracy/,L,CP,0.0,,en,https://thedailyconspiracy.com/,L
thedailysheeple.com,7486206,2010.0,The Daily Sheeple,https://mediabiasfactcheck.com/the-daily-sheeple/,L,CP,-0.299,,en,https://www.thedailysheeple.com/,L
thedcpatriot.com,1389380,2019.0,The DC Patriot,https://mediabiasfactcheck.com/the-dc-patriot/,L,FN,-1.0,,en,https://thedcpatriot.com/,L
theduran.com,378202,2016.0,The Duran,https://mediabiasfactcheck.com/the-duran/,L,FN,-0.397,,en,https://theduran.com/,L
theeventchronicle.com,2659239,2014.0,The Event Chronicle,https://mediabiasfactcheck.com/the-event-chronicle/,L,CP,-0.624,,en,https://theeventchronicle.com/,L
thefederalistpapers.org,125484,2011.0,The Federalist Papers Project,https://mediabiasfactcheck.com/the-federalist-papers-project/,L,FN,-0.699,,en,https://thefederalistpapers.org/,L
theforbiddenknowledge.com,8877091,1999.0,The Forbidden Knowledge,https://mediabiasfactcheck.com/the-forbidden-knowledge/,L,CP,-0.089,,en,https://www.theforbiddenknowledge.com/,L
thefreedomtimes.com,30000000,2018.0,The Freedom Times,https://mediabiasfactcheck.com/the-freedom-times/,L,FN,0.0,,en,https://www.thefreedomtimes.com/,L
thefreethoughtproject.com,978832,2013.0,Free Thought Project,https://mediabiasfactcheck.com/free-thought-project/,L,CP,-0.498,,en,https://thefreethoughtproject.com/,L
thegoldwater.com,5346463,2016.0,The Goldwater,https://mediabiasfactcheck.com/the-goldwater/,L,FN,-0.18,,en,https://thegoldwater.com/,L
thehayride.com,2812662,2009.0,The Hayride,https://mediabiasfactcheck.com/the-hayride/,L,FN,0.0,,en,https://thehayride.com/,L
thehighwire.com,180414,2004.0,The Highwire,https://mediabiasfactcheck.com/the-highwire/,L,CP,0.0,,en,https://thehighwire.com/,L
thehornnews.com,99674,2015.0,The Horn,https://mediabiasfactcheck.com/the-horn-news/,L,FN,0.54,,en,https://thehornnews.com/,L
thelastamericanvagabond.com,502507,,The Last American Vagabond,https://mediabiasfactcheck.com/the-last-american-vagabond-bias-and-credibility/,L,FN,,,en,https://www.thelastamericanvagabond.com/,L
thelaughclub.net,4891591,2019.0,The Laugh Club,https://mediabiasfactcheck.com/the-laugh-club/,L,FN,-1.0,,en,https://www.thelaughclub.net/,L
thelibertybeacon.com,2417679,2012.0,The Liberty Beacon,https://mediabiasfactcheck.com/the-liberty-beacon/,L,CP,-0.8,,en,https://www.thelibertybeacon.com/,L
thelibertyrevolution.com,6009947,2019.0,The Liberty Revolution,https://mediabiasfactcheck.com/the-liberty-revolution-bias/,L,FN,,,en,https://thelibertyrevolution.com/,L
themillenniumreport.com,1032034,2014.0,The Millennium Report,https://mediabiasfactcheck.com/the-millennium-report/,L,FN,-1.0,,en,https://themillenniumreport.com/,L
themindunleashed.com,1672789,2013.0,The Mind Unleashed,https://mediabiasfactcheck.com/the-mind-unleashed/,L,CP,-0.986,,en,https://themindunleashed.com/,L
thenationalpatriot.com,30000000,2011.0,The National Patriot,https://mediabiasfactcheck.com/the-national-patriot/,L,FN,0.0,,en,https://www.thenationalpatriot.com/,L
thepatriotnation.net,820058,2013.0,The Patriot Nation,https://mediabiasfactcheck.com/the-patriot-nation/,L,FN,-0.6,,en,https://thepatriotnation.net/,L
thepolitics.online,30000000,,The Politics Online,https://mediabiasfactcheck.com/the-politics-online/,L,FN,-0.6,,en,http://www.thepolitics.online/,L
thepulse.one,1995981,,The Pulse,https://mediabiasfactcheck.com/the-pulse-bias/,L,CP,,,en,https://thepulse.one/,L
thepuristonline.com,808042,2017.0,The Purist,https://mediabiasfactcheck.com/the-purist-magazine-bias/,L,CP,,,en,https://thepuristonline.com/,L
theragingpatriot.org,13332502,2021.0,The Raging Patriot,https://mediabiasfactcheck.com/the-raging-patriot-bias/,L,FN,,,en,https://theragingpatriot.org/,L
thereligionofpeace.com,177029,2002.0,The Religion of Peace,https://mediabiasfactcheck.com/the-religion-of-peace/,L,FN,0.28,,en,https://thereligionofpeace.com/,L
therightists.com,30000000,2016.0,The Rightists,https://mediabiasfactcheck.com/the-rightists/,L,FN,-0.62,,en,https://therightists.com/,L
therundownlive.com,10873010,2013.0,The Rundown Live,https://mediabiasfactcheck.com/the-rundown-live/,L,CP,-1.0,,en,https://therundownlive.com/,L
thetruedefender.com,2165194,2021.0,The True Defender,https://mediabiasfactcheck.com/the-true-defender/,L,FN,-0.28,,en,https://thetruedefender.com/,L
thetruereporter.com,8310126,2016.0,The True Reporter,https://mediabiasfactcheck.com/the-true-reporter/,L,FN,-1.0,,en,https://thetruereporter.com/,L
thetruthaboutcancer.com,462680,2011.0,The Truth about Cancer,https://mediabiasfactcheck.com/the-truth-about-cancer/,L,CP,-0.713,,en,https://thetruthaboutcancer.com/,L
thetruthseeker.co.uk,173596,2002.0,The Truth Seeker,https://mediabiasfactcheck.com/the-truth-seeker/,L,CP,-0.761,,en,https://www.thetruthseeker.co.uk/,L
thetruthvoice.net,30000000,2019.0,The Truth Voice,https://mediabiasfactcheck.com/the-truth-voice/,L,FN,-0.6,,en,http://www.thetruthvoice.net/,L
theunionjournal.com,2171963,2019.0,The Union Journal,https://mediabiasfactcheck.com/the-union-journal/,L,FN,0.0,,en,https://theunionjournal.com/,L
thevaccinereaction.org,2414692,2013.0,The Vaccine Reaction,https://mediabiasfactcheck.com/the-vaccine-reaction/,L,CP,-0.6,,en,https://thevaccinereaction.org/,L
thewashingtonstandard.com,1153422,2013.0,The Washington Standard,https://mediabiasfactcheck.com/the-washington-standard/,L,FN,-1.0,,en,https://thewashingtonstandard.com/,L
thinkamericana.com,483972,2017.0,Think Americana,https://mediabiasfactcheck.com/think-americana/,L,FN,-1.0,,en,https://thinkamericana.com/,L
thinkinghumanity.com,2651546,2014.0,Thinking Humanity,https://mediabiasfactcheck.com/thinking-humanity/,L,CP,0.56,,en,https://www.thinkinghumanity.com/,L
thinkingmomsrevolution.com,30000000,2011.0,Thinking Mom's Revolution,https://mediabiasfactcheck.com/thinking-moms-revolution/,L,CP,-0.64,,en,https://thinkingmomsrevolution.com/,L
thrivemovement.com,5930638,2009.0,Thrive Movement,https://mediabiasfactcheck.com/thrive-movement/,L,CP,0.76,,en,https://www.thrivemovement.com/,L
torontotoday.net,30000000,2018.0,Toronto Today,https://mediabiasfactcheck.com/toronto-today/,L,FN,-1.0,,en,https://www.torontotoday.net/,L
trendingpolitics.com,1493736,2016.0,Trending Politics,https://mediabiasfactcheck.com/trending-politics/,L,FN,0.16,,en,https://trendingpolitics.com/,L
triggerreset.net,30000000,2018.0,Trigger Reset,https://mediabiasfactcheck.com/triggerreset/,L,FN,0.0,,en,https://triggerreset.net/,L
trueactivist.com,1211532,2011.0,Center for Immigration Studies,https://mediabiasfactcheck.com/true-activist/,L,FN,-0.303,,en,https://www.trueactivist.com/,L
truepundit.com,4941863,2016.0,True Pundit,https://mediabiasfactcheck.com/true-pundit/,L,CP,-0.994,,en,https://truepundit.com/,L
truthandaction.org,9781016,2013.0,Truth and Action,https://mediabiasfactcheck.com/truth-and-action/,L,FN,-0.952,,en,https://www.truthandaction.org/,L
truthmonitor.com,30000000,2016.0,Truth Monitor,https://mediabiasfactcheck.com/truth-monitor/,L,FN,0.0,,en,https://truthmonitor.com/,L
truthpress.com,87162,2007.0,Truth Press,https://mediabiasfactcheck.com/truth-press-bias/,L,FN,0.6,,en,https://truthpress.com/,L
truthuncensored.net,7530560,2018.0,Truth Uncensored,https://mediabiasfactcheck.com/truth-uncensored/,L,FN,0.0,,en,https://truthuncensored.net/,L
ukcolumn.org,290265,2007.0,UK Column,https://mediabiasfactcheck.com/uk-column/,L,CP,0.28,,en,https://www.ukcolumn.org/,L
unclesamsmisguidedchildren.com,4578903,2011.0,Uncle Sam's Misguided Children,https://mediabiasfactcheck.com/uncle-sams-misguided-children/,L,FN,-0.5,,en,https://unclesamsmisguidedchildren.com/,L
uncoverdc.com,310094,2019.0,UncoverDC,https://mediabiasfactcheck.com/uncoverdc/,L,FN,-0.587,,en,https://uncoverdc.com/,L
understandingthethreat.com,9951269,2012.0,Understanding the threat,https://mediabiasfactcheck.com/understanding-the-threat/,L,FN,-0.16,,en,https://www.understandingthethreat.com/,L
uniteamericafirst.com,5664582,2017.0,Unite America First,https://mediabiasfactcheck.com/unite-america-first/,L,FN,0.0,,en,https://uniteamericafirst.com/,L
us24news.com,30000000,2018.0,24 News,https://mediabiasfactcheck.com/24-news/,L,FN,0.0,,en,https://us24news.com/,L
usahitman.com,5835512,2010.0,USA Hitman,https://mediabiasfactcheck.com/usa-hitman/,L,CP,-0.468,,en,https://usahitman.com/,L
usawatchdog.com,203837,2005.0,USAWatchdog.com,https://mediabiasfactcheck.com/usawatchdog-com/,L,CP,-0.197,,en,https://usawatchdog.com/,L
uschronicle.com,9793077,2003.0,US Chronicle,https://mediabiasfactcheck.com/us-chronicle/,L,FN,-1.0,,en,https://uschronicle.com/,L
uslibertywire.com,30000000,2018.0,US Liberty Wire,https://mediabiasfactcheck.com/us-liberty-wire-bias-credibility-fake-news/,L,FN,0.0,,en,https://uslibertywire.com/,L
ussanews.com,819070,2010.0,USSA News,https://mediabiasfactcheck.com/ussa-news/,L,FN,0.022,,en,https://ussanews.com/,L
vaccinepapers.org,30000000,2015.0,Vaccine Papers,https://mediabiasfactcheck.com/vaccine-papers/,L,CP,0.0,,en,https://vaccinepapers.org/,L
vactruth.com,3762509,2009.0,VacTruth.com,https://mediabiasfactcheck.com/vactruth-com/,L,CP,-0.961,,en,https://vactruth.com/,L
vaxxter.com,3844306,2015.0,Vaxxter,https://mediabiasfactcheck.com/vaxxter/,L,CP,-1.0,,en,https://vaxxter.com/,L
vidmax.com,47792,2003.0,Vidmax,https://mediabiasfactcheck.com/vidmax-2/,L,FN,0.18,,en,https://vidmax.com/,L
vigilantcitizen.com,81054,2008.0,Vigilant Citizen,https://mediabiasfactcheck.com/vigilant-citizen/,L,CP,-0.769,,en,https://vigilantcitizen.com/,L
viralhatch.com,338045,2014.0,Viral Hatch,https://mediabiasfactcheck.com/viral-hatch/,L,FN,0.0,,en,https://viralhatch.com/,L
viralnewsnetwork.net,30000000,2018.0,Viral News Network,https://mediabiasfactcheck.com/viral-news-network/,L,CP,-1.0,,en,https://viralnewsnetwork.net/,L
wakeup-world.com,991875,2011.0,Wake Up World,https://mediabiasfactcheck.com/wake-up-world/,L,CP,0.32,,en,https://wakeup-world.com/,L
wakingtimes.com,1965748,2011.0,The Waking Times,https://mediabiasfactcheck.com/the-waking-times/,L,CP,-0.859,,en,https://www.wakingtimes.com/,L
waynedupree.com,1687643,2016.0,WayneDupree.com,https://mediabiasfactcheck.com/waynedupree-com/,L,FN,0.0,,en,https://www.waynedupree.com/,L
wethepeopledaily.com,1380673,2019.0,We The People Daily,https://mediabiasfactcheck.com/we-the-people-daily/,L,FN,0.0,,en,https://wethepeopledaily.com/,L
whale.to,690158,,Whale.to,https://mediabiasfactcheck.com/whale-to/,L,CP,-0.2,,en,http://whale.to/,L
whydontyoutrythis.com,9166894,2013.0,Why Don't You Try This,https://mediabiasfactcheck.com/why-dont-you-try-this/,L,CP,-0.433,,en,https://www.whydontyoutrythis.com/,L
wndnewscenter.org,4464605,2019.0,WND News Center,https://mediabiasfactcheck.com/wnd-news-center-bias/,L,FN,,,en,https://www.wndnewscenter.org/,L
worldhealth.net,1494871,2019.0,WorldHealth.Net,https://mediabiasfactcheck.com/worldhealth-net/,L,CP,0.72,,en,https://worldhealth.net/,L
worldlifestyle.com,897506,2004.0,World Lifestyle,https://mediabiasfactcheck.com/world-lifestyle-bias/,L,CP,0.24,,en,https://www.worldlifestyle.com/,L
worldnewspolitics.com,30000000,2019.0,World News Politics,https://mediabiasfactcheck.com/world-news-politics/,L,FN,-0.543,,en,https://worldnewspolitics.com/,L
worldpoliticus.com,30000000,2016.0,World Politicus,https://mediabiasfactcheck.com/world-politicus/,L,FN,-0.93,,id,https://www.worldpoliticus.com/,L
worldtribune.com,940560,1998.0,World Tribune,https://mediabiasfactcheck.com/world-tribune/,L,FN,0.601,,en,https://www.worldtribune.com/,L
x22report.com,50507,2013.0,X22 Report,https://mediabiasfactcheck.com/x22-report/,L,CP,-0.592,,en,https://x22report.com/,L
yesimright.com,13207802,2014.0,Yes I'm Right,https://mediabiasfactcheck.com/yes-im-right/,L,FN,-1.0,,en,https://yesimright.com/,L
zenith.news,30000000,,Zenith News,https://mediabiasfactcheck.com/zenith-news/,L,FN,0.0,,en,https://zenith.news/,L
